,0,1,2,3
0,Gamm_Ente_Esch_coli,Alph_Rhod_Rhod_azot,Alph_Rhod_Rhod_mari,Gamm_Ente_Idio_pisc
1,Alph_Rhod_Rhod_azot,Alph_Acet_Acet_past,Alph_Rhod_Rhod_mari,Gamm_Ente_Idio_pisc
2,Alph_Rhod_Rhod_azot,Gamm_Ente_Idio_seos,Alph_Rhod_Rhod_mari,Gamm_Ente_Idio_pisc
3,Alph_Rhod_Rhod_azot,Alph_Holo_Holo_cary,Alph_Rhod_Rhod_mari,Gamm_Ente_Idio_pisc
4,Alph_Rhod_Rhod_azot,Gamm_Ente_Pseu_phen,Alph_Rhod_Rhod_mari,Gamm_Ente_Idio_pisc
5,Gamm_Ente_Esch_coli,Alph_Acet_Acet_past,Alph_Rhod_Rhod_mari,Gamm_Ente_Idio_pisc
6,Gamm_Ente_Esch_coli,Gamm_Ente_Idio_seos,Alph_Rhod_Rhod_mari,Gamm_Ente_Idio_pisc
7,Gamm_Ente_Esch_coli,Alph_Holo_Holo_cary,Alph_Rhod_Rhod_mari,Gamm_Ente_Idio_pisc
8,Gamm_Ente_Esch_coli,Gamm_Ente_Pseu_phen,Alph_Rhod_Rhod_mari,Gamm_Ente_Idio_pisc
9,Gamm_Ente_Idio_seos,Alph_Acet_Acet_past,Alph_Rhod_Rhod_mari,Gamm_Ente_Idio_pisc
10,Alph_Acet_Acet_past,Alph_Holo_Holo_cary,Alph_Rhod_Rhod_mari,Gamm_Ente_Idio_pisc
11,Alph_Acet_Acet_past,Gamm_Ente_Pseu_phen,Alph_Rhod_Rhod_mari,Gamm_Ente_Idio_pisc
12,Gamm_Ente_Idio_seos,Alph_Holo_Holo_cary,Alph_Rhod_Rhod_mari,Gamm_Ente_Idio_pisc
13,Gamm_Ente_Idio_seos,Gamm_Ente_Pseu_phen,Alph_Rhod_Rhod_mari,Gamm_Ente_Idio_pisc
14,Gamm_Ente_Pseu_phen,Alph_Holo_Holo_cary,Alph_Rhod_Rhod_mari,Gamm_Ente_Idio_pisc
15,Gamm_Ente_Esch_coli,Alph_Rhod_Rhod_azot,Alph_Rhod_Rhod_mari,Gamm_Ente_Pseu_arab
16,Alph_Rhod_Rhod_azot,Alph_Acet_Acet_past,Alph_Rhod_Rhod_mari,Gamm_Ente_Pseu_arab
17,Alph_Rhod_Rhod_azot,Gamm_Ente_Idio_seos,Alph_Rhod_Rhod_mari,Gamm_Ente_Pseu_arab
18,Alph_Rhod_Rhod_azot,Alph_Holo_Holo_cary,Alph_Rhod_Rhod_mari,Gamm_Ente_Pseu_arab
19,Alph_Rhod_Rhod_azot,Gamm_Ente_Pseu_phen,Alph_Rhod_Rhod_mari,Gamm_Ente_Pseu_arab
20,Gamm_Ente_Esch_coli,Alph_Acet_Acet_past,Alph_Rhod_Rhod_mari,Gamm_Ente_Pseu_arab
21,Gamm_Ente_Esch_coli,Gamm_Ente_Idio_seos,Alph_Rhod_Rhod_mari,Gamm_Ente_Pseu_arab
22,Gamm_Ente_Esch_coli,Alph_Holo_Holo_cary,Alph_Rhod_Rhod_mari,Gamm_Ente_Pseu_arab
23,Gamm_Ente_Esch_coli,Gamm_Ente_Pseu_phen,Alph_Rhod_Rhod_mari,Gamm_Ente_Pseu_arab
24,Gamm_Ente_Idio_seos,Alph_Acet_Acet_past,Alph_Rhod_Rhod_mari,Gamm_Ente_Pseu_arab
25,Alph_Acet_Acet_past,Alph_Holo_Holo_cary,Alph_Rhod_Rhod_mari,Gamm_Ente_Pseu_arab
26,Alph_Acet_Acet_past,Gamm_Ente_Pseu_phen,Alph_Rhod_Rhod_mari,Gamm_Ente_Pseu_arab
27,Gamm_Ente_Idio_seos,Alph_Holo_Holo_cary,Alph_Rhod_Rhod_mari,Gamm_Ente_Pseu_arab
28,Gamm_Ente_Idio_seos,Gamm_Ente_Pseu_phen,Alph_Rhod_Rhod_mari,Gamm_Ente_Pseu_arab
29,Gamm_Ente_Pseu_phen,Alph_Holo_Holo_cary,Alph_Rhod_Rhod_mari,Gamm_Ente_Pseu_arab
30,Gamm_Ente_Esch_coli,Alph_Rhod_Rhod_azot,Alph_Rhod_Rhod_mari,Alph_Holo_Holo_acum
31,Alph_Rhod_Rhod_azot,Alph_Acet_Acet_past,Alph_Rhod_Rhod_mari,Alph_Holo_Holo_acum
32,Alph_Rhod_Rhod_azot,Gamm_Ente_Idio_seos,Alph_Rhod_Rhod_mari,Alph_Holo_Holo_acum
33,Alph_Rhod_Rhod_azot,Alph_Holo_Holo_cary,Alph_Rhod_Rhod_mari,Alph_Holo_Holo_acum
34,Alph_Rhod_Rhod_azot,Gamm_Ente_Pseu_phen,Alph_Rhod_Rhod_mari,Alph_Holo_Holo_acum
35,Gamm_Ente_Esch_coli,Alph_Acet_Acet_past,Alph_Rhod_Rhod_mari,Alph_Holo_Holo_acum
36,Gamm_Ente_Esch_coli,Gamm_Ente_Idio_seos,Alph_Rhod_Rhod_mari,Alph_Holo_Holo_acum
37,Gamm_Ente_Esch_coli,Alph_Holo_Holo_cary,Alph_Rhod_Rhod_mari,Alph_Holo_Holo_acum
38,Gamm_Ente_Esch_coli,Gamm_Ente_Pseu_phen,Alph_Rhod_Rhod_mari,Alph_Holo_Holo_acum
39,Gamm_Ente_Idio_seos,Alph_Acet_Acet_past,Alph_Rhod_Rhod_mari,Alph_Holo_Holo_acum
40,Alph_Acet_Acet_past,Alph_Holo_Holo_cary,Alph_Rhod_Rhod_mari,Alph_Holo_Holo_acum
41,Alph_Acet_Acet_past,Gamm_Ente_Pseu_phen,Alph_Rhod_Rhod_mari,Alph_Holo_Holo_acum
42,Gamm_Ente_Idio_seos,Alph_Holo_Holo_cary,Alph_Rhod_Rhod_mari,Alph_Holo_Holo_acum
43,Gamm_Ente_Idio_seos,Gamm_Ente_Pseu_phen,Alph_Rhod_Rhod_mari,Alph_Holo_Holo_acum
44,Gamm_Ente_Pseu_phen,Alph_Holo_Holo_cary,Alph_Rhod_Rhod_mari,Alph_Holo_Holo_acum
45,Gamm_Ente_Esch_coli,Alph_Rhod_Rhod_azot,Alph_Rhod_Rhod_mari,Alph_Acet_Acet_lova
46,Alph_Rhod_Rhod_azot,Alph_Acet_Acet_past,Alph_Rhod_Rhod_mari,Alph_Acet_Acet_lova
47,Alph_Rhod_Rhod_azot,Gamm_Ente_Idio_seos,Alph_Rhod_Rhod_mari,Alph_Acet_Acet_lova
48,Alph_Rhod_Rhod_azot,Alph_Holo_Holo_cary,Alph_Rhod_Rhod_mari,Alph_Acet_Acet_lova
49,Alph_Rhod_Rhod_azot,Gamm_Ente_Pseu_phen,Alph_Rhod_Rhod_mari,Alph_Acet_Acet_lova
50,Gamm_Ente_Esch_coli,Alph_Acet_Acet_past,Alph_Rhod_Rhod_mari,Alph_Acet_Acet_lova
51,Gamm_Ente_Esch_coli,Gamm_Ente_Idio_seos,Alph_Rhod_Rhod_mari,Alph_Acet_Acet_lova
52,Gamm_Ente_Esch_coli,Alph_Holo_Holo_cary,Alph_Rhod_Rhod_mari,Alph_Acet_Acet_lova
53,Gamm_Ente_Esch_coli,Gamm_Ente_Pseu_phen,Alph_Rhod_Rhod_mari,Alph_Acet_Acet_lova
54,Gamm_Ente_Idio_seos,Alph_Acet_Acet_past,Alph_Rhod_Rhod_mari,Alph_Acet_Acet_lova
55,Alph_Acet_Acet_past,Alph_Holo_Holo_cary,Alph_Rhod_Rhod_mari,Alph_Acet_Acet_lova
56,Alph_Acet_Acet_past,Gamm_Ente_Pseu_phen,Alph_Rhod_Rhod_mari,Alph_Acet_Acet_lova
57,Gamm_Ente_Idio_seos,Alph_Holo_Holo_cary,Alph_Rhod_Rhod_mari,Alph_Acet_Acet_lova
58,Gamm_Ente_Idio_seos,Gamm_Ente_Pseu_phen,Alph_Rhod_Rhod_mari,Alph_Acet_Acet_lova
59,Gamm_Ente_Pseu_phen,Alph_Holo_Holo_cary,Alph_Rhod_Rhod_mari,Alph_Acet_Acet_lova
60,Gamm_Ente_Esch_coli,Alph_Rhod_Rhod_azot,Alph_Rhod_Rhod_mari,Gamm_Ente_Yers_pseu
61,Alph_Rhod_Rhod_azot,Alph_Acet_Acet_past,Alph_Rhod_Rhod_mari,Gamm_Ente_Yers_pseu
62,Alph_Rhod_Rhod_azot,Gamm_Ente_Idio_seos,Alph_Rhod_Rhod_mari,Gamm_Ente_Yers_pseu
63,Alph_Rhod_Rhod_azot,Alph_Holo_Holo_cary,Alph_Rhod_Rhod_mari,Gamm_Ente_Yers_pseu
64,Alph_Rhod_Rhod_azot,Gamm_Ente_Pseu_phen,Alph_Rhod_Rhod_mari,Gamm_Ente_Yers_pseu
65,Gamm_Ente_Esch_coli,Alph_Acet_Acet_past,Alph_Rhod_Rhod_mari,Gamm_Ente_Yers_pseu
66,Gamm_Ente_Esch_coli,Gamm_Ente_Idio_seos,Alph_Rhod_Rhod_mari,Gamm_Ente_Yers_pseu
67,Gamm_Ente_Esch_coli,Alph_Holo_Holo_cary,Alph_Rhod_Rhod_mari,Gamm_Ente_Yers_pseu
68,Gamm_Ente_Esch_coli,Gamm_Ente_Pseu_phen,Alph_Rhod_Rhod_mari,Gamm_Ente_Yers_pseu
69,Gamm_Ente_Idio_seos,Alph_Acet_Acet_past,Alph_Rhod_Rhod_mari,Gamm_Ente_Yers_pseu
70,Alph_Acet_Acet_past,Alph_Holo_Holo_cary,Alph_Rhod_Rhod_mari,Gamm_Ente_Yers_pseu
71,Alph_Acet_Acet_past,Gamm_Ente_Pseu_phen,Alph_Rhod_Rhod_mari,Gamm_Ente_Yers_pseu
72,Gamm_Ente_Idio_seos,Alph_Holo_Holo_cary,Alph_Rhod_Rhod_mari,Gamm_Ente_Yers_pseu
73,Gamm_Ente_Idio_seos,Gamm_Ente_Pseu_phen,Alph_Rhod_Rhod_mari,Gamm_Ente_Yers_pseu
74,Gamm_Ente_Pseu_phen,Alph_Holo_Holo_cary,Alph_Rhod_Rhod_mari,Gamm_Ente_Yers_pseu
75,Gamm_Ente_Esch_coli,Alph_Rhod_Rhod_azot,Gamm_Card_Wohl_larv,Alph_Rhod_Rhod_mari
76,Alph_Rhod_Rhod_azot,Alph_Acet_Acet_past,Gamm_Card_Wohl_larv,Alph_Rhod_Rhod_mari
77,Alph_Rhod_Rhod_azot,Gamm_Ente_Idio_seos,Gamm_Card_Wohl_larv,Alph_Rhod_Rhod_mari
78,Alph_Rhod_Rhod_azot,Alph_Holo_Holo_cary,Gamm_Card_Wohl_larv,Alph_Rhod_Rhod_mari
79,Alph_Rhod_Rhod_azot,Gamm_Ente_Pseu_phen,Gamm_Card_Wohl_larv,Alph_Rhod_Rhod_mari
80,Gamm_Ente_Esch_coli,Alph_Acet_Acet_past,Gamm_Card_Wohl_larv,Alph_Rhod_Rhod_mari
81,Gamm_Ente_Esch_coli,Gamm_Ente_Idio_seos,Gamm_Card_Wohl_larv,Alph_Rhod_Rhod_mari
82,Gamm_Ente_Esch_coli,Alph_Holo_Holo_cary,Gamm_Card_Wohl_larv,Alph_Rhod_Rhod_mari
83,Gamm_Ente_Esch_coli,Gamm_Ente_Pseu_phen,Gamm_Card_Wohl_larv,Alph_Rhod_Rhod_mari
84,Gamm_Ente_Idio_seos,Alph_Acet_Acet_past,Gamm_Card_Wohl_larv,Alph_Rhod_Rhod_mari
85,Alph_Acet_Acet_past,Alph_Holo_Holo_cary,Gamm_Card_Wohl_larv,Alph_Rhod_Rhod_mari
86,Alph_Acet_Acet_past,Gamm_Ente_Pseu_phen,Gamm_Card_Wohl_larv,Alph_Rhod_Rhod_mari
87,Gamm_Ente_Idio_seos,Alph_Holo_Holo_cary,Gamm_Card_Wohl_larv,Alph_Rhod_Rhod_mari
88,Gamm_Ente_Idio_seos,Gamm_Ente_Pseu_phen,Gamm_Card_Wohl_larv,Alph_Rhod_Rhod_mari
89,Gamm_Ente_Pseu_phen,Alph_Holo_Holo_cary,Gamm_Card_Wohl_larv,Alph_Rhod_Rhod_mari
90,Gamm_Ente_Esch_coli,Alph_Rhod_Rhod_azot,Gamm_Ente_Pseu_arab,Gamm_Ente_Idio_pisc
91,Alph_Rhod_Rhod_azot,Alph_Acet_Acet_past,Gamm_Ente_Pseu_arab,Gamm_Ente_Idio_pisc
92,Alph_Rhod_Rhod_azot,Gamm_Ente_Idio_seos,Gamm_Ente_Pseu_arab,Gamm_Ente_Idio_pisc
93,Alph_Rhod_Rhod_azot,Alph_Holo_Holo_cary,Gamm_Ente_Pseu_arab,Gamm_Ente_Idio_pisc
94,Alph_Rhod_Rhod_azot,Gamm_Ente_Pseu_phen,Gamm_Ente_Pseu_arab,Gamm_Ente_Idio_pisc
95,Gamm_Ente_Esch_coli,Alph_Acet_Acet_past,Gamm_Ente_Pseu_arab,Gamm_Ente_Idio_pisc
96,Gamm_Ente_Esch_coli,Gamm_Ente_Idio_seos,Gamm_Ente_Pseu_arab,Gamm_Ente_Idio_pisc
97,Gamm_Ente_Esch_coli,Alph_Holo_Holo_cary,Gamm_Ente_Pseu_arab,Gamm_Ente_Idio_pisc
98,Gamm_Ente_Esch_coli,Gamm_Ente_Pseu_phen,Gamm_Ente_Pseu_arab,Gamm_Ente_Idio_pisc
99,Gamm_Ente_Idio_seos,Alph_Acet_Acet_past,Gamm_Ente_Pseu_arab,Gamm_Ente_Idio_pisc
100,Alph_Acet_Acet_past,Alph_Holo_Holo_cary,Gamm_Ente_Pseu_arab,Gamm_Ente_Idio_pisc
101,Alph_Acet_Acet_past,Gamm_Ente_Pseu_phen,Gamm_Ente_Pseu_arab,Gamm_Ente_Idio_pisc
102,Gamm_Ente_Idio_seos,Alph_Holo_Holo_cary,Gamm_Ente_Pseu_arab,Gamm_Ente_Idio_pisc
103,Gamm_Ente_Idio_seos,Gamm_Ente_Pseu_phen,Gamm_Ente_Pseu_arab,Gamm_Ente_Idio_pisc
104,Gamm_Ente_Pseu_phen,Alph_Holo_Holo_cary,Gamm_Ente_Pseu_arab,Gamm_Ente_Idio_pisc
105,Gamm_Ente_Esch_coli,Alph_Rhod_Rhod_azot,Alph_Holo_Holo_acum,Gamm_Ente_Idio_pisc
106,Alph_Rhod_Rhod_azot,Alph_Acet_Acet_past,Alph_Holo_Holo_acum,Gamm_Ente_Idio_pisc
107,Alph_Rhod_Rhod_azot,Gamm_Ente_Idio_seos,Alph_Holo_Holo_acum,Gamm_Ente_Idio_pisc
108,Alph_Rhod_Rhod_azot,Alph_Holo_Holo_cary,Alph_Holo_Holo_acum,Gamm_Ente_Idio_pisc
109,Alph_Rhod_Rhod_azot,Gamm_Ente_Pseu_phen,Alph_Holo_Holo_acum,Gamm_Ente_Idio_pisc
110,Gamm_Ente_Esch_coli,Alph_Acet_Acet_past,Alph_Holo_Holo_acum,Gamm_Ente_Idio_pisc
111,Gamm_Ente_Esch_coli,Gamm_Ente_Idio_seos,Alph_Holo_Holo_acum,Gamm_Ente_Idio_pisc
112,Gamm_Ente_Esch_coli,Alph_Holo_Holo_cary,Alph_Holo_Holo_acum,Gamm_Ente_Idio_pisc
113,Gamm_Ente_Esch_coli,Gamm_Ente_Pseu_phen,Alph_Holo_Holo_acum,Gamm_Ente_Idio_pisc
114,Gamm_Ente_Idio_seos,Alph_Acet_Acet_past,Alph_Holo_Holo_acum,Gamm_Ente_Idio_pisc
115,Alph_Acet_Acet_past,Alph_Holo_Holo_cary,Alph_Holo_Holo_acum,Gamm_Ente_Idio_pisc
116,Alph_Acet_Acet_past,Gamm_Ente_Pseu_phen,Alph_Holo_Holo_acum,Gamm_Ente_Idio_pisc
117,Gamm_Ente_Idio_seos,Alph_Holo_Holo_cary,Alph_Holo_Holo_acum,Gamm_Ente_Idio_pisc
118,Gamm_Ente_Idio_seos,Gamm_Ente_Pseu_phen,Alph_Holo_Holo_acum,Gamm_Ente_Idio_pisc
119,Gamm_Ente_Pseu_phen,Alph_Holo_Holo_cary,Alph_Holo_Holo_acum,Gamm_Ente_Idio_pisc
120,Gamm_Ente_Esch_coli,Alph_Rhod_Rhod_azot,Alph_Acet_Acet_lova,Gamm_Ente_Idio_pisc
121,Alph_Rhod_Rhod_azot,Alph_Acet_Acet_past,Alph_Acet_Acet_lova,Gamm_Ente_Idio_pisc
122,Alph_Rhod_Rhod_azot,Gamm_Ente_Idio_seos,Alph_Acet_Acet_lova,Gamm_Ente_Idio_pisc
123,Alph_Rhod_Rhod_azot,Alph_Holo_Holo_cary,Alph_Acet_Acet_lova,Gamm_Ente_Idio_pisc
124,Alph_Rhod_Rhod_azot,Gamm_Ente_Pseu_phen,Alph_Acet_Acet_lova,Gamm_Ente_Idio_pisc
125,Gamm_Ente_Esch_coli,Alph_Acet_Acet_past,Alph_Acet_Acet_lova,Gamm_Ente_Idio_pisc
126,Gamm_Ente_Esch_coli,Gamm_Ente_Idio_seos,Alph_Acet_Acet_lova,Gamm_Ente_Idio_pisc
127,Gamm_Ente_Esch_coli,Alph_Holo_Holo_cary,Alph_Acet_Acet_lova,Gamm_Ente_Idio_pisc
128,Gamm_Ente_Esch_coli,Gamm_Ente_Pseu_phen,Alph_Acet_Acet_lova,Gamm_Ente_Idio_pisc
129,Gamm_Ente_Idio_seos,Alph_Acet_Acet_past,Alph_Acet_Acet_lova,Gamm_Ente_Idio_pisc
130,Alph_Acet_Acet_past,Alph_Holo_Holo_cary,Alph_Acet_Acet_lova,Gamm_Ente_Idio_pisc
131,Alph_Acet_Acet_past,Gamm_Ente_Pseu_phen,Alph_Acet_Acet_lova,Gamm_Ente_Idio_pisc
132,Gamm_Ente_Idio_seos,Alph_Holo_Holo_cary,Alph_Acet_Acet_lova,Gamm_Ente_Idio_pisc
133,Gamm_Ente_Idio_seos,Gamm_Ente_Pseu_phen,Alph_Acet_Acet_lova,Gamm_Ente_Idio_pisc
134,Gamm_Ente_Pseu_phen,Alph_Holo_Holo_cary,Alph_Acet_Acet_lova,Gamm_Ente_Idio_pisc
135,Gamm_Ente_Esch_coli,Alph_Rhod_Rhod_azot,Gamm_Ente_Yers_pseu,Gamm_Ente_Idio_pisc
136,Alph_Rhod_Rhod_azot,Alph_Acet_Acet_past,Gamm_Ente_Yers_pseu,Gamm_Ente_Idio_pisc
137,Alph_Rhod_Rhod_azot,Gamm_Ente_Idio_seos,Gamm_Ente_Yers_pseu,Gamm_Ente_Idio_pisc
138,Alph_Rhod_Rhod_azot,Alph_Holo_Holo_cary,Gamm_Ente_Yers_pseu,Gamm_Ente_Idio_pisc
139,Alph_Rhod_Rhod_azot,Gamm_Ente_Pseu_phen,Gamm_Ente_Yers_pseu,Gamm_Ente_Idio_pisc
140,Gamm_Ente_Esch_coli,Alph_Acet_Acet_past,Gamm_Ente_Yers_pseu,Gamm_Ente_Idio_pisc
141,Gamm_Ente_Esch_coli,Gamm_Ente_Idio_seos,Gamm_Ente_Yers_pseu,Gamm_Ente_Idio_pisc
142,Gamm_Ente_Esch_coli,Alph_Holo_Holo_cary,Gamm_Ente_Yers_pseu,Gamm_Ente_Idio_pisc
143,Gamm_Ente_Esch_coli,Gamm_Ente_Pseu_phen,Gamm_Ente_Yers_pseu,Gamm_Ente_Idio_pisc
144,Gamm_Ente_Idio_seos,Alph_Acet_Acet_past,Gamm_Ente_Yers_pseu,Gamm_Ente_Idio_pisc
145,Alph_Acet_Acet_past,Alph_Holo_Holo_cary,Gamm_Ente_Yers_pseu,Gamm_Ente_Idio_pisc
146,Alph_Acet_Acet_past,Gamm_Ente_Pseu_phen,Gamm_Ente_Yers_pseu,Gamm_Ente_Idio_pisc
147,Gamm_Ente_Idio_seos,Alph_Holo_Holo_cary,Gamm_Ente_Yers_pseu,Gamm_Ente_Idio_pisc
148,Gamm_Ente_Idio_seos,Gamm_Ente_Pseu_phen,Gamm_Ente_Yers_pseu,Gamm_Ente_Idio_pisc
149,Gamm_Ente_Pseu_phen,Alph_Holo_Holo_cary,Gamm_Ente_Yers_pseu,Gamm_Ente_Idio_pisc
150,Gamm_Ente_Esch_coli,Alph_Rhod_Rhod_azot,Gamm_Card_Wohl_larv,Gamm_Ente_Idio_pisc
151,Alph_Rhod_Rhod_azot,Alph_Acet_Acet_past,Gamm_Card_Wohl_larv,Gamm_Ente_Idio_pisc
152,Alph_Rhod_Rhod_azot,Gamm_Ente_Idio_seos,Gamm_Card_Wohl_larv,Gamm_Ente_Idio_pisc
153,Alph_Rhod_Rhod_azot,Alph_Holo_Holo_cary,Gamm_Card_Wohl_larv,Gamm_Ente_Idio_pisc
154,Alph_Rhod_Rhod_azot,Gamm_Ente_Pseu_phen,Gamm_Card_Wohl_larv,Gamm_Ente_Idio_pisc
155,Gamm_Ente_Esch_coli,Alph_Acet_Acet_past,Gamm_Card_Wohl_larv,Gamm_Ente_Idio_pisc
156,Gamm_Ente_Esch_coli,Gamm_Ente_Idio_seos,Gamm_Card_Wohl_larv,Gamm_Ente_Idio_pisc
157,Gamm_Ente_Esch_coli,Alph_Holo_Holo_cary,Gamm_Card_Wohl_larv,Gamm_Ente_Idio_pisc
158,Gamm_Ente_Esch_coli,Gamm_Ente_Pseu_phen,Gamm_Card_Wohl_larv,Gamm_Ente_Idio_pisc
159,Gamm_Ente_Idio_seos,Alph_Acet_Acet_past,Gamm_Card_Wohl_larv,Gamm_Ente_Idio_pisc
160,Alph_Acet_Acet_past,Alph_Holo_Holo_cary,Gamm_Card_Wohl_larv,Gamm_Ente_Idio_pisc
161,Alph_Acet_Acet_past,Gamm_Ente_Pseu_phen,Gamm_Card_Wohl_larv,Gamm_Ente_Idio_pisc
162,Gamm_Ente_Idio_seos,Alph_Holo_Holo_cary,Gamm_Card_Wohl_larv,Gamm_Ente_Idio_pisc
163,Gamm_Ente_Idio_seos,Gamm_Ente_Pseu_phen,Gamm_Card_Wohl_larv,Gamm_Ente_Idio_pisc
164,Gamm_Ente_Pseu_phen,Alph_Holo_Holo_cary,Gamm_Card_Wohl_larv,Gamm_Ente_Idio_pisc
165,Gamm_Ente_Esch_coli,Alph_Rhod_Rhod_azot,Gamm_Ente_Pseu_arab,Alph_Holo_Holo_acum
166,Alph_Rhod_Rhod_azot,Alph_Acet_Acet_past,Gamm_Ente_Pseu_arab,Alph_Holo_Holo_acum
167,Alph_Rhod_Rhod_azot,Gamm_Ente_Idio_seos,Gamm_Ente_Pseu_arab,Alph_Holo_Holo_acum
168,Alph_Rhod_Rhod_azot,Alph_Holo_Holo_cary,Gamm_Ente_Pseu_arab,Alph_Holo_Holo_acum
169,Alph_Rhod_Rhod_azot,Gamm_Ente_Pseu_phen,Gamm_Ente_Pseu_arab,Alph_Holo_Holo_acum
170,Gamm_Ente_Esch_coli,Alph_Acet_Acet_past,Gamm_Ente_Pseu_arab,Alph_Holo_Holo_acum
171,Gamm_Ente_Esch_coli,Gamm_Ente_Idio_seos,Gamm_Ente_Pseu_arab,Alph_Holo_Holo_acum
172,Gamm_Ente_Esch_coli,Alph_Holo_Holo_cary,Gamm_Ente_Pseu_arab,Alph_Holo_Holo_acum
173,Gamm_Ente_Esch_coli,Gamm_Ente_Pseu_phen,Gamm_Ente_Pseu_arab,Alph_Holo_Holo_acum
174,Gamm_Ente_Idio_seos,Alph_Acet_Acet_past,Gamm_Ente_Pseu_arab,Alph_Holo_Holo_acum
175,Alph_Acet_Acet_past,Alph_Holo_Holo_cary,Gamm_Ente_Pseu_arab,Alph_Holo_Holo_acum
176,Alph_Acet_Acet_past,Gamm_Ente_Pseu_phen,Gamm_Ente_Pseu_arab,Alph_Holo_Holo_acum
177,Gamm_Ente_Idio_seos,Alph_Holo_Holo_cary,Gamm_Ente_Pseu_arab,Alph_Holo_Holo_acum
178,Gamm_Ente_Idio_seos,Gamm_Ente_Pseu_phen,Gamm_Ente_Pseu_arab,Alph_Holo_Holo_acum
179,Gamm_Ente_Pseu_phen,Alph_Holo_Holo_cary,Gamm_Ente_Pseu_arab,Alph_Holo_Holo_acum
180,Gamm_Ente_Esch_coli,Alph_Rhod_Rhod_azot,Alph_Acet_Acet_lova,Gamm_Ente_Pseu_arab
181,Alph_Rhod_Rhod_azot,Alph_Acet_Acet_past,Alph_Acet_Acet_lova,Gamm_Ente_Pseu_arab
182,Alph_Rhod_Rhod_azot,Gamm_Ente_Idio_seos,Alph_Acet_Acet_lova,Gamm_Ente_Pseu_arab
183,Alph_Rhod_Rhod_azot,Alph_Holo_Holo_cary,Alph_Acet_Acet_lova,Gamm_Ente_Pseu_arab
184,Alph_Rhod_Rhod_azot,Gamm_Ente_Pseu_phen,Alph_Acet_Acet_lova,Gamm_Ente_Pseu_arab
185,Gamm_Ente_Esch_coli,Alph_Acet_Acet_past,Alph_Acet_Acet_lova,Gamm_Ente_Pseu_arab
186,Gamm_Ente_Esch_coli,Gamm_Ente_Idio_seos,Alph_Acet_Acet_lova,Gamm_Ente_Pseu_arab
187,Gamm_Ente_Esch_coli,Alph_Holo_Holo_cary,Alph_Acet_Acet_lova,Gamm_Ente_Pseu_arab
188,Gamm_Ente_Esch_coli,Gamm_Ente_Pseu_phen,Alph_Acet_Acet_lova,Gamm_Ente_Pseu_arab
189,Gamm_Ente_Idio_seos,Alph_Acet_Acet_past,Alph_Acet_Acet_lova,Gamm_Ente_Pseu_arab
190,Alph_Acet_Acet_past,Alph_Holo_Holo_cary,Alph_Acet_Acet_lova,Gamm_Ente_Pseu_arab
191,Alph_Acet_Acet_past,Gamm_Ente_Pseu_phen,Alph_Acet_Acet_lova,Gamm_Ente_Pseu_arab
192,Gamm_Ente_Idio_seos,Alph_Holo_Holo_cary,Alph_Acet_Acet_lova,Gamm_Ente_Pseu_arab
193,Gamm_Ente_Idio_seos,Gamm_Ente_Pseu_phen,Alph_Acet_Acet_lova,Gamm_Ente_Pseu_arab
194,Gamm_Ente_Pseu_phen,Alph_Holo_Holo_cary,Alph_Acet_Acet_lova,Gamm_Ente_Pseu_arab
195,Gamm_Ente_Esch_coli,Alph_Rhod_Rhod_azot,Gamm_Ente_Yers_pseu,Gamm_Ente_Pseu_arab
196,Alph_Rhod_Rhod_azot,Alph_Acet_Acet_past,Gamm_Ente_Yers_pseu,Gamm_Ente_Pseu_arab
197,Alph_Rhod_Rhod_azot,Gamm_Ente_Idio_seos,Gamm_Ente_Yers_pseu,Gamm_Ente_Pseu_arab
198,Alph_Rhod_Rhod_azot,Alph_Holo_Holo_cary,Gamm_Ente_Yers_pseu,Gamm_Ente_Pseu_arab
199,Alph_Rhod_Rhod_azot,Gamm_Ente_Pseu_phen,Gamm_Ente_Yers_pseu,Gamm_Ente_Pseu_arab
200,Gamm_Ente_Esch_coli,Alph_Acet_Acet_past,Gamm_Ente_Yers_pseu,Gamm_Ente_Pseu_arab
201,Gamm_Ente_Esch_coli,Gamm_Ente_Idio_seos,Gamm_Ente_Yers_pseu,Gamm_Ente_Pseu_arab
202,Gamm_Ente_Esch_coli,Alph_Holo_Holo_cary,Gamm_Ente_Yers_pseu,Gamm_Ente_Pseu_arab
203,Gamm_Ente_Esch_coli,Gamm_Ente_Pseu_phen,Gamm_Ente_Yers_pseu,Gamm_Ente_Pseu_arab
204,Gamm_Ente_Idio_seos,Alph_Acet_Acet_past,Gamm_Ente_Yers_pseu,Gamm_Ente_Pseu_arab
205,Alph_Acet_Acet_past,Alph_Holo_Holo_cary,Gamm_Ente_Yers_pseu,Gamm_Ente_Pseu_arab
206,Alph_Acet_Acet_past,Gamm_Ente_Pseu_phen,Gamm_Ente_Yers_pseu,Gamm_Ente_Pseu_arab
207,Gamm_Ente_Idio_seos,Alph_Holo_Holo_cary,Gamm_Ente_Yers_pseu,Gamm_Ente_Pseu_arab
208,Gamm_Ente_Idio_seos,Gamm_Ente_Pseu_phen,Gamm_Ente_Yers_pseu,Gamm_Ente_Pseu_arab
209,Gamm_Ente_Pseu_phen,Alph_Holo_Holo_cary,Gamm_Ente_Yers_pseu,Gamm_Ente_Pseu_arab
210,Gamm_Ente_Esch_coli,Alph_Rhod_Rhod_azot,Gamm_Card_Wohl_larv,Gamm_Ente_Pseu_arab
211,Alph_Rhod_Rhod_azot,Alph_Acet_Acet_past,Gamm_Card_Wohl_larv,Gamm_Ente_Pseu_arab
212,Alph_Rhod_Rhod_azot,Gamm_Ente_Idio_seos,Gamm_Card_Wohl_larv,Gamm_Ente_Pseu_arab
213,Alph_Rhod_Rhod_azot,Alph_Holo_Holo_cary,Gamm_Card_Wohl_larv,Gamm_Ente_Pseu_arab
214,Alph_Rhod_Rhod_azot,Gamm_Ente_Pseu_phen,Gamm_Card_Wohl_larv,Gamm_Ente_Pseu_arab
215,Gamm_Ente_Esch_coli,Alph_Acet_Acet_past,Gamm_Card_Wohl_larv,Gamm_Ente_Pseu_arab
216,Gamm_Ente_Esch_coli,Gamm_Ente_Idio_seos,Gamm_Card_Wohl_larv,Gamm_Ente_Pseu_arab
217,Gamm_Ente_Esch_coli,Alph_Holo_Holo_cary,Gamm_Card_Wohl_larv,Gamm_Ente_Pseu_arab
218,Gamm_Ente_Esch_coli,Gamm_Ente_Pseu_phen,Gamm_Card_Wohl_larv,Gamm_Ente_Pseu_arab
219,Gamm_Ente_Idio_seos,Alph_Acet_Acet_past,Gamm_Card_Wohl_larv,Gamm_Ente_Pseu_arab
220,Alph_Acet_Acet_past,Alph_Holo_Holo_cary,Gamm_Card_Wohl_larv,Gamm_Ente_Pseu_arab
221,Alph_Acet_Acet_past,Gamm_Ente_Pseu_phen,Gamm_Card_Wohl_larv,Gamm_Ente_Pseu_arab
222,Gamm_Ente_Idio_seos,Alph_Holo_Holo_cary,Gamm_Card_Wohl_larv,Gamm_Ente_Pseu_arab
223,Gamm_Ente_Idio_seos,Gamm_Ente_Pseu_phen,Gamm_Card_Wohl_larv,Gamm_Ente_Pseu_arab
224,Gamm_Ente_Pseu_phen,Alph_Holo_Holo_cary,Gamm_Card_Wohl_larv,Gamm_Ente_Pseu_arab
225,Gamm_Ente_Esch_coli,Alph_Rhod_Rhod_azot,Alph_Acet_Acet_lova,Alph_Holo_Holo_acum
226,Alph_Rhod_Rhod_azot,Alph_Acet_Acet_past,Alph_Acet_Acet_lova,Alph_Holo_Holo_acum
227,Alph_Rhod_Rhod_azot,Gamm_Ente_Idio_seos,Alph_Acet_Acet_lova,Alph_Holo_Holo_acum
228,Alph_Rhod_Rhod_azot,Alph_Holo_Holo_cary,Alph_Acet_Acet_lova,Alph_Holo_Holo_acum
229,Alph_Rhod_Rhod_azot,Gamm_Ente_Pseu_phen,Alph_Acet_Acet_lova,Alph_Holo_Holo_acum
230,Gamm_Ente_Esch_coli,Alph_Acet_Acet_past,Alph_Acet_Acet_lova,Alph_Holo_Holo_acum
231,Gamm_Ente_Esch_coli,Gamm_Ente_Idio_seos,Alph_Acet_Acet_lova,Alph_Holo_Holo_acum
232,Gamm_Ente_Esch_coli,Alph_Holo_Holo_cary,Alph_Acet_Acet_lova,Alph_Holo_Holo_acum
233,Gamm_Ente_Esch_coli,Gamm_Ente_Pseu_phen,Alph_Acet_Acet_lova,Alph_Holo_Holo_acum
234,Gamm_Ente_Idio_seos,Alph_Acet_Acet_past,Alph_Acet_Acet_lova,Alph_Holo_Holo_acum
235,Alph_Acet_Acet_past,Alph_Holo_Holo_cary,Alph_Acet_Acet_lova,Alph_Holo_Holo_acum
236,Alph_Acet_Acet_past,Gamm_Ente_Pseu_phen,Alph_Acet_Acet_lova,Alph_Holo_Holo_acum
237,Gamm_Ente_Idio_seos,Alph_Holo_Holo_cary,Alph_Acet_Acet_lova,Alph_Holo_Holo_acum
238,Gamm_Ente_Idio_seos,Gamm_Ente_Pseu_phen,Alph_Acet_Acet_lova,Alph_Holo_Holo_acum
239,Gamm_Ente_Pseu_phen,Alph_Holo_Holo_cary,Alph_Acet_Acet_lova,Alph_Holo_Holo_acum
240,Gamm_Ente_Esch_coli,Alph_Rhod_Rhod_azot,Gamm_Ente_Yers_pseu,Alph_Holo_Holo_acum
241,Alph_Rhod_Rhod_azot,Alph_Acet_Acet_past,Gamm_Ente_Yers_pseu,Alph_Holo_Holo_acum
242,Alph_Rhod_Rhod_azot,Gamm_Ente_Idio_seos,Gamm_Ente_Yers_pseu,Alph_Holo_Holo_acum
243,Alph_Rhod_Rhod_azot,Alph_Holo_Holo_cary,Gamm_Ente_Yers_pseu,Alph_Holo_Holo_acum
244,Alph_Rhod_Rhod_azot,Gamm_Ente_Pseu_phen,Gamm_Ente_Yers_pseu,Alph_Holo_Holo_acum
245,Gamm_Ente_Esch_coli,Alph_Acet_Acet_past,Gamm_Ente_Yers_pseu,Alph_Holo_Holo_acum
246,Gamm_Ente_Esch_coli,Gamm_Ente_Idio_seos,Gamm_Ente_Yers_pseu,Alph_Holo_Holo_acum
247,Gamm_Ente_Esch_coli,Alph_Holo_Holo_cary,Gamm_Ente_Yers_pseu,Alph_Holo_Holo_acum
248,Gamm_Ente_Esch_coli,Gamm_Ente_Pseu_phen,Gamm_Ente_Yers_pseu,Alph_Holo_Holo_acum
249,Gamm_Ente_Idio_seos,Alph_Acet_Acet_past,Gamm_Ente_Yers_pseu,Alph_Holo_Holo_acum
250,Alph_Acet_Acet_past,Alph_Holo_Holo_cary,Gamm_Ente_Yers_pseu,Alph_Holo_Holo_acum
251,Alph_Acet_Acet_past,Gamm_Ente_Pseu_phen,Gamm_Ente_Yers_pseu,Alph_Holo_Holo_acum
252,Gamm_Ente_Idio_seos,Alph_Holo_Holo_cary,Gamm_Ente_Yers_pseu,Alph_Holo_Holo_acum
253,Gamm_Ente_Idio_seos,Gamm_Ente_Pseu_phen,Gamm_Ente_Yers_pseu,Alph_Holo_Holo_acum
254,Gamm_Ente_Pseu_phen,Alph_Holo_Holo_cary,Gamm_Ente_Yers_pseu,Alph_Holo_Holo_acum
255,Gamm_Ente_Esch_coli,Alph_Rhod_Rhod_azot,Gamm_Card_Wohl_larv,Alph_Holo_Holo_acum
256,Alph_Rhod_Rhod_azot,Alph_Acet_Acet_past,Gamm_Card_Wohl_larv,Alph_Holo_Holo_acum
257,Alph_Rhod_Rhod_azot,Gamm_Ente_Idio_seos,Gamm_Card_Wohl_larv,Alph_Holo_Holo_acum
258,Alph_Rhod_Rhod_azot,Alph_Holo_Holo_cary,Gamm_Card_Wohl_larv,Alph_Holo_Holo_acum
259,Alph_Rhod_Rhod_azot,Gamm_Ente_Pseu_phen,Gamm_Card_Wohl_larv,Alph_Holo_Holo_acum
260,Gamm_Ente_Esch_coli,Alph_Acet_Acet_past,Gamm_Card_Wohl_larv,Alph_Holo_Holo_acum
261,Gamm_Ente_Esch_coli,Gamm_Ente_Idio_seos,Gamm_Card_Wohl_larv,Alph_Holo_Holo_acum
262,Gamm_Ente_Esch_coli,Alph_Holo_Holo_cary,Gamm_Card_Wohl_larv,Alph_Holo_Holo_acum
263,Gamm_Ente_Esch_coli,Gamm_Ente_Pseu_phen,Gamm_Card_Wohl_larv,Alph_Holo_Holo_acum
264,Gamm_Ente_Idio_seos,Alph_Acet_Acet_past,Gamm_Card_Wohl_larv,Alph_Holo_Holo_acum
265,Alph_Acet_Acet_past,Alph_Holo_Holo_cary,Gamm_Card_Wohl_larv,Alph_Holo_Holo_acum
266,Alph_Acet_Acet_past,Gamm_Ente_Pseu_phen,Gamm_Card_Wohl_larv,Alph_Holo_Holo_acum
267,Gamm_Ente_Idio_seos,Alph_Holo_Holo_cary,Gamm_Card_Wohl_larv,Alph_Holo_Holo_acum
268,Gamm_Ente_Idio_seos,Gamm_Ente_Pseu_phen,Gamm_Card_Wohl_larv,Alph_Holo_Holo_acum
269,Gamm_Ente_Pseu_phen,Alph_Holo_Holo_cary,Gamm_Card_Wohl_larv,Alph_Holo_Holo_acum
270,Gamm_Ente_Esch_coli,Alph_Rhod_Rhod_azot,Gamm_Ente_Yers_pseu,Alph_Acet_Acet_lova
271,Alph_Rhod_Rhod_azot,Alph_Acet_Acet_past,Gamm_Ente_Yers_pseu,Alph_Acet_Acet_lova
272,Alph_Rhod_Rhod_azot,Gamm_Ente_Idio_seos,Gamm_Ente_Yers_pseu,Alph_Acet_Acet_lova
273,Alph_Rhod_Rhod_azot,Alph_Holo_Holo_cary,Gamm_Ente_Yers_pseu,Alph_Acet_Acet_lova
274,Alph_Rhod_Rhod_azot,Gamm_Ente_Pseu_phen,Gamm_Ente_Yers_pseu,Alph_Acet_Acet_lova
275,Gamm_Ente_Esch_coli,Alph_Acet_Acet_past,Gamm_Ente_Yers_pseu,Alph_Acet_Acet_lova
276,Gamm_Ente_Esch_coli,Gamm_Ente_Idio_seos,Gamm_Ente_Yers_pseu,Alph_Acet_Acet_lova
277,Gamm_Ente_Esch_coli,Alph_Holo_Holo_cary,Gamm_Ente_Yers_pseu,Alph_Acet_Acet_lova
278,Gamm_Ente_Esch_coli,Gamm_Ente_Pseu_phen,Gamm_Ente_Yers_pseu,Alph_Acet_Acet_lova
279,Gamm_Ente_Idio_seos,Alph_Acet_Acet_past,Gamm_Ente_Yers_pseu,Alph_Acet_Acet_lova
280,Alph_Acet_Acet_past,Alph_Holo_Holo_cary,Gamm_Ente_Yers_pseu,Alph_Acet_Acet_lova
281,Alph_Acet_Acet_past,Gamm_Ente_Pseu_phen,Gamm_Ente_Yers_pseu,Alph_Acet_Acet_lova
282,Gamm_Ente_Idio_seos,Alph_Holo_Holo_cary,Gamm_Ente_Yers_pseu,Alph_Acet_Acet_lova
283,Gamm_Ente_Idio_seos,Gamm_Ente_Pseu_phen,Gamm_Ente_Yers_pseu,Alph_Acet_Acet_lova
284,Gamm_Ente_Pseu_phen,Alph_Holo_Holo_cary,Gamm_Ente_Yers_pseu,Alph_Acet_Acet_lova
285,Gamm_Ente_Esch_coli,Alph_Rhod_Rhod_azot,Gamm_Card_Wohl_larv,Alph_Acet_Acet_lova
286,Alph_Rhod_Rhod_azot,Alph_Acet_Acet_past,Gamm_Card_Wohl_larv,Alph_Acet_Acet_lova
287,Alph_Rhod_Rhod_azot,Gamm_Ente_Idio_seos,Gamm_Card_Wohl_larv,Alph_Acet_Acet_lova
288,Alph_Rhod_Rhod_azot,Alph_Holo_Holo_cary,Gamm_Card_Wohl_larv,Alph_Acet_Acet_lova
289,Alph_Rhod_Rhod_azot,Gamm_Ente_Pseu_phen,Gamm_Card_Wohl_larv,Alph_Acet_Acet_lova
290,Gamm_Ente_Esch_coli,Alph_Acet_Acet_past,Gamm_Card_Wohl_larv,Alph_Acet_Acet_lova
291,Gamm_Ente_Esch_coli,Gamm_Ente_Idio_seos,Gamm_Card_Wohl_larv,Alph_Acet_Acet_lova
292,Gamm_Ente_Esch_coli,Alph_Holo_Holo_cary,Gamm_Card_Wohl_larv,Alph_Acet_Acet_lova
293,Gamm_Ente_Esch_coli,Gamm_Ente_Pseu_phen,Gamm_Card_Wohl_larv,Alph_Acet_Acet_lova
294,Gamm_Ente_Idio_seos,Alph_Acet_Acet_past,Gamm_Card_Wohl_larv,Alph_Acet_Acet_lova
295,Alph_Acet_Acet_past,Alph_Holo_Holo_cary,Gamm_Card_Wohl_larv,Alph_Acet_Acet_lova
296,Alph_Acet_Acet_past,Gamm_Ente_Pseu_phen,Gamm_Card_Wohl_larv,Alph_Acet_Acet_lova
297,Gamm_Ente_Idio_seos,Alph_Holo_Holo_cary,Gamm_Card_Wohl_larv,Alph_Acet_Acet_lova
298,Gamm_Ente_Idio_seos,Gamm_Ente_Pseu_phen,Gamm_Card_Wohl_larv,Alph_Acet_Acet_lova
299,Gamm_Ente_Pseu_phen,Alph_Holo_Holo_cary,Gamm_Card_Wohl_larv,Alph_Acet_Acet_lova
300,Gamm_Ente_Esch_coli,Alph_Rhod_Rhod_azot,Gamm_Card_Wohl_larv,Gamm_Ente_Yers_pseu
301,Alph_Rhod_Rhod_azot,Alph_Acet_Acet_past,Gamm_Card_Wohl_larv,Gamm_Ente_Yers_pseu
302,Alph_Rhod_Rhod_azot,Gamm_Ente_Idio_seos,Gamm_Card_Wohl_larv,Gamm_Ente_Yers_pseu
303,Alph_Rhod_Rhod_azot,Alph_Holo_Holo_cary,Gamm_Card_Wohl_larv,Gamm_Ente_Yers_pseu
304,Alph_Rhod_Rhod_azot,Gamm_Ente_Pseu_phen,Gamm_Card_Wohl_larv,Gamm_Ente_Yers_pseu
305,Gamm_Ente_Esch_coli,Alph_Acet_Acet_past,Gamm_Card_Wohl_larv,Gamm_Ente_Yers_pseu
306,Gamm_Ente_Esch_coli,Gamm_Ente_Idio_seos,Gamm_Card_Wohl_larv,Gamm_Ente_Yers_pseu
307,Gamm_Ente_Esch_coli,Alph_Holo_Holo_cary,Gamm_Card_Wohl_larv,Gamm_Ente_Yers_pseu
308,Gamm_Ente_Esch_coli,Gamm_Ente_Pseu_phen,Gamm_Card_Wohl_larv,Gamm_Ente_Yers_pseu
309,Gamm_Ente_Idio_seos,Alph_Acet_Acet_past,Gamm_Card_Wohl_larv,Gamm_Ente_Yers_pseu
310,Alph_Acet_Acet_past,Alph_Holo_Holo_cary,Gamm_Card_Wohl_larv,Gamm_Ente_Yers_pseu
311,Alph_Acet_Acet_past,Gamm_Ente_Pseu_phen,Gamm_Card_Wohl_larv,Gamm_Ente_Yers_pseu
312,Gamm_Ente_Idio_seos,Alph_Holo_Holo_cary,Gamm_Card_Wohl_larv,Gamm_Ente_Yers_pseu
313,Gamm_Ente_Idio_seos,Gamm_Ente_Pseu_phen,Gamm_Card_Wohl_larv,Gamm_Ente_Yers_pseu
314,Gamm_Ente_Pseu_phen,Alph_Holo_Holo_cary,Gamm_Card_Wohl_larv,Gamm_Ente_Yers_pseu
315,Alph_Rhod_Rhod_azot,Gamm_Card_Wohl_larv,Alph_Rhod_Rhod_mari,Gamm_Ente_Idio_pisc
316,Gamm_Ente_Esch_coli,Gamm_Card_Wohl_larv,Alph_Rhod_Rhod_mari,Gamm_Ente_Idio_pisc
317,Alph_Acet_Acet_past,Gamm_Card_Wohl_larv,Alph_Rhod_Rhod_mari,Gamm_Ente_Idio_pisc
318,Gamm_Ente_Idio_seos,Gamm_Card_Wohl_larv,Alph_Rhod_Rhod_mari,Gamm_Ente_Idio_pisc
319,Alph_Holo_Holo_cary,Gamm_Card_Wohl_larv,Alph_Rhod_Rhod_mari,Gamm_Ente_Idio_pisc
320,Gamm_Ente_Pseu_phen,Gamm_Card_Wohl_larv,Alph_Rhod_Rhod_mari,Gamm_Ente_Idio_pisc
321,Alph_Rhod_Rhod_azot,Gamm_Card_Wohl_larv,Alph_Rhod_Rhod_mari,Gamm_Ente_Pseu_arab
322,Gamm_Ente_Esch_coli,Gamm_Card_Wohl_larv,Alph_Rhod_Rhod_mari,Gamm_Ente_Pseu_arab
323,Alph_Acet_Acet_past,Gamm_Card_Wohl_larv,Alph_Rhod_Rhod_mari,Gamm_Ente_Pseu_arab
324,Gamm_Ente_Idio_seos,Gamm_Card_Wohl_larv,Alph_Rhod_Rhod_mari,Gamm_Ente_Pseu_arab
325,Alph_Holo_Holo_cary,Gamm_Card_Wohl_larv,Alph_Rhod_Rhod_mari,Gamm_Ente_Pseu_arab
326,Gamm_Ente_Pseu_phen,Gamm_Card_Wohl_larv,Alph_Rhod_Rhod_mari,Gamm_Ente_Pseu_arab
327,Alph_Rhod_Rhod_azot,Gamm_Card_Wohl_larv,Alph_Rhod_Rhod_mari,Alph_Holo_Holo_acum
328,Gamm_Ente_Esch_coli,Gamm_Card_Wohl_larv,Alph_Rhod_Rhod_mari,Alph_Holo_Holo_acum
329,Alph_Acet_Acet_past,Gamm_Card_Wohl_larv,Alph_Rhod_Rhod_mari,Alph_Holo_Holo_acum
330,Gamm_Ente_Idio_seos,Gamm_Card_Wohl_larv,Alph_Rhod_Rhod_mari,Alph_Holo_Holo_acum
331,Alph_Holo_Holo_cary,Gamm_Card_Wohl_larv,Alph_Rhod_Rhod_mari,Alph_Holo_Holo_acum
332,Gamm_Ente_Pseu_phen,Gamm_Card_Wohl_larv,Alph_Rhod_Rhod_mari,Alph_Holo_Holo_acum
333,Alph_Rhod_Rhod_azot,Gamm_Card_Wohl_larv,Alph_Rhod_Rhod_mari,Alph_Acet_Acet_lova
334,Gamm_Ente_Esch_coli,Gamm_Card_Wohl_larv,Alph_Rhod_Rhod_mari,Alph_Acet_Acet_lova
335,Alph_Acet_Acet_past,Gamm_Card_Wohl_larv,Alph_Rhod_Rhod_mari,Alph_Acet_Acet_lova
336,Gamm_Ente_Idio_seos,Gamm_Card_Wohl_larv,Alph_Rhod_Rhod_mari,Alph_Acet_Acet_lova
337,Alph_Holo_Holo_cary,Gamm_Card_Wohl_larv,Alph_Rhod_Rhod_mari,Alph_Acet_Acet_lova
338,Gamm_Ente_Pseu_phen,Gamm_Card_Wohl_larv,Alph_Rhod_Rhod_mari,Alph_Acet_Acet_lova
339,Alph_Rhod_Rhod_azot,Gamm_Card_Wohl_larv,Alph_Rhod_Rhod_mari,Gamm_Ente_Yers_pseu
340,Gamm_Ente_Esch_coli,Gamm_Card_Wohl_larv,Alph_Rhod_Rhod_mari,Gamm_Ente_Yers_pseu
341,Alph_Acet_Acet_past,Gamm_Card_Wohl_larv,Alph_Rhod_Rhod_mari,Gamm_Ente_Yers_pseu
342,Gamm_Ente_Idio_seos,Gamm_Card_Wohl_larv,Alph_Rhod_Rhod_mari,Gamm_Ente_Yers_pseu
343,Alph_Holo_Holo_cary,Gamm_Card_Wohl_larv,Alph_Rhod_Rhod_mari,Gamm_Ente_Yers_pseu
344,Gamm_Ente_Pseu_phen,Gamm_Card_Wohl_larv,Alph_Rhod_Rhod_mari,Gamm_Ente_Yers_pseu
345,Alph_Rhod_Rhod_azot,Gamm_Card_Wohl_larv,Gamm_Ente_Pseu_arab,Gamm_Ente_Idio_pisc
346,Gamm_Ente_Esch_coli,Gamm_Card_Wohl_larv,Gamm_Ente_Pseu_arab,Gamm_Ente_Idio_pisc
347,Alph_Acet_Acet_past,Gamm_Card_Wohl_larv,Gamm_Ente_Pseu_arab,Gamm_Ente_Idio_pisc
348,Gamm_Ente_Idio_seos,Gamm_Card_Wohl_larv,Gamm_Ente_Pseu_arab,Gamm_Ente_Idio_pisc
349,Alph_Holo_Holo_cary,Gamm_Card_Wohl_larv,Gamm_Ente_Pseu_arab,Gamm_Ente_Idio_pisc
350,Gamm_Ente_Pseu_phen,Gamm_Card_Wohl_larv,Gamm_Ente_Pseu_arab,Gamm_Ente_Idio_pisc
351,Alph_Rhod_Rhod_azot,Gamm_Card_Wohl_larv,Alph_Holo_Holo_acum,Gamm_Ente_Idio_pisc
352,Gamm_Ente_Esch_coli,Gamm_Card_Wohl_larv,Alph_Holo_Holo_acum,Gamm_Ente_Idio_pisc
353,Alph_Acet_Acet_past,Gamm_Card_Wohl_larv,Alph_Holo_Holo_acum,Gamm_Ente_Idio_pisc
354,Gamm_Ente_Idio_seos,Gamm_Card_Wohl_larv,Alph_Holo_Holo_acum,Gamm_Ente_Idio_pisc
355,Alph_Holo_Holo_cary,Gamm_Card_Wohl_larv,Alph_Holo_Holo_acum,Gamm_Ente_Idio_pisc
356,Gamm_Ente_Pseu_phen,Gamm_Card_Wohl_larv,Alph_Holo_Holo_acum,Gamm_Ente_Idio_pisc
357,Alph_Rhod_Rhod_azot,Gamm_Card_Wohl_larv,Alph_Acet_Acet_lova,Gamm_Ente_Idio_pisc
358,Gamm_Ente_Esch_coli,Gamm_Card_Wohl_larv,Alph_Acet_Acet_lova,Gamm_Ente_Idio_pisc
359,Alph_Acet_Acet_past,Gamm_Card_Wohl_larv,Alph_Acet_Acet_lova,Gamm_Ente_Idio_pisc
360,Gamm_Ente_Idio_seos,Gamm_Card_Wohl_larv,Alph_Acet_Acet_lova,Gamm_Ente_Idio_pisc
361,Alph_Holo_Holo_cary,Gamm_Card_Wohl_larv,Alph_Acet_Acet_lova,Gamm_Ente_Idio_pisc
362,Gamm_Ente_Pseu_phen,Gamm_Card_Wohl_larv,Alph_Acet_Acet_lova,Gamm_Ente_Idio_pisc
363,Alph_Rhod_Rhod_azot,Gamm_Card_Wohl_larv,Gamm_Ente_Yers_pseu,Gamm_Ente_Idio_pisc
364,Gamm_Ente_Esch_coli,Gamm_Card_Wohl_larv,Gamm_Ente_Yers_pseu,Gamm_Ente_Idio_pisc
365,Alph_Acet_Acet_past,Gamm_Card_Wohl_larv,Gamm_Ente_Yers_pseu,Gamm_Ente_Idio_pisc
366,Gamm_Ente_Idio_seos,Gamm_Card_Wohl_larv,Gamm_Ente_Yers_pseu,Gamm_Ente_Idio_pisc
367,Alph_Holo_Holo_cary,Gamm_Card_Wohl_larv,Gamm_Ente_Yers_pseu,Gamm_Ente_Idio_pisc
368,Gamm_Ente_Pseu_phen,Gamm_Card_Wohl_larv,Gamm_Ente_Yers_pseu,Gamm_Ente_Idio_pisc
369,Alph_Rhod_Rhod_azot,Gamm_Card_Wohl_larv,Gamm_Ente_Pseu_arab,Alph_Holo_Holo_acum
370,Gamm_Ente_Esch_coli,Gamm_Card_Wohl_larv,Gamm_Ente_Pseu_arab,Alph_Holo_Holo_acum
371,Alph_Acet_Acet_past,Gamm_Card_Wohl_larv,Gamm_Ente_Pseu_arab,Alph_Holo_Holo_acum
372,Gamm_Ente_Idio_seos,Gamm_Card_Wohl_larv,Gamm_Ente_Pseu_arab,Alph_Holo_Holo_acum
373,Alph_Holo_Holo_cary,Gamm_Card_Wohl_larv,Gamm_Ente_Pseu_arab,Alph_Holo_Holo_acum
374,Gamm_Ente_Pseu_phen,Gamm_Card_Wohl_larv,Gamm_Ente_Pseu_arab,Alph_Holo_Holo_acum
375,Alph_Rhod_Rhod_azot,Gamm_Card_Wohl_larv,Alph_Acet_Acet_lova,Gamm_Ente_Pseu_arab
376,Gamm_Ente_Esch_coli,Gamm_Card_Wohl_larv,Alph_Acet_Acet_lova,Gamm_Ente_Pseu_arab
377,Alph_Acet_Acet_past,Gamm_Card_Wohl_larv,Alph_Acet_Acet_lova,Gamm_Ente_Pseu_arab
378,Gamm_Ente_Idio_seos,Gamm_Card_Wohl_larv,Alph_Acet_Acet_lova,Gamm_Ente_Pseu_arab
379,Alph_Holo_Holo_cary,Gamm_Card_Wohl_larv,Alph_Acet_Acet_lova,Gamm_Ente_Pseu_arab
380,Gamm_Ente_Pseu_phen,Gamm_Card_Wohl_larv,Alph_Acet_Acet_lova,Gamm_Ente_Pseu_arab
381,Alph_Rhod_Rhod_azot,Gamm_Card_Wohl_larv,Gamm_Ente_Yers_pseu,Gamm_Ente_Pseu_arab
382,Gamm_Ente_Esch_coli,Gamm_Card_Wohl_larv,Gamm_Ente_Yers_pseu,Gamm_Ente_Pseu_arab
383,Alph_Acet_Acet_past,Gamm_Card_Wohl_larv,Gamm_Ente_Yers_pseu,Gamm_Ente_Pseu_arab
384,Gamm_Ente_Idio_seos,Gamm_Card_Wohl_larv,Gamm_Ente_Yers_pseu,Gamm_Ente_Pseu_arab
385,Alph_Holo_Holo_cary,Gamm_Card_Wohl_larv,Gamm_Ente_Yers_pseu,Gamm_Ente_Pseu_arab
386,Gamm_Ente_Pseu_phen,Gamm_Card_Wohl_larv,Gamm_Ente_Yers_pseu,Gamm_Ente_Pseu_arab
387,Alph_Rhod_Rhod_azot,Gamm_Card_Wohl_larv,Alph_Acet_Acet_lova,Alph_Holo_Holo_acum
388,Gamm_Ente_Esch_coli,Gamm_Card_Wohl_larv,Alph_Acet_Acet_lova,Alph_Holo_Holo_acum
389,Alph_Acet_Acet_past,Gamm_Card_Wohl_larv,Alph_Acet_Acet_lova,Alph_Holo_Holo_acum
390,Gamm_Ente_Idio_seos,Gamm_Card_Wohl_larv,Alph_Acet_Acet_lova,Alph_Holo_Holo_acum
391,Alph_Holo_Holo_cary,Gamm_Card_Wohl_larv,Alph_Acet_Acet_lova,Alph_Holo_Holo_acum
392,Gamm_Ente_Pseu_phen,Gamm_Card_Wohl_larv,Alph_Acet_Acet_lova,Alph_Holo_Holo_acum
393,Alph_Rhod_Rhod_azot,Gamm_Card_Wohl_larv,Gamm_Ente_Yers_pseu,Alph_Holo_Holo_acum
394,Gamm_Ente_Esch_coli,Gamm_Card_Wohl_larv,Gamm_Ente_Yers_pseu,Alph_Holo_Holo_acum
395,Alph_Acet_Acet_past,Gamm_Card_Wohl_larv,Gamm_Ente_Yers_pseu,Alph_Holo_Holo_acum
396,Gamm_Ente_Idio_seos,Gamm_Card_Wohl_larv,Gamm_Ente_Yers_pseu,Alph_Holo_Holo_acum
397,Alph_Holo_Holo_cary,Gamm_Card_Wohl_larv,Gamm_Ente_Yers_pseu,Alph_Holo_Holo_acum
398,Gamm_Ente_Pseu_phen,Gamm_Card_Wohl_larv,Gamm_Ente_Yers_pseu,Alph_Holo_Holo_acum
399,Alph_Rhod_Rhod_azot,Gamm_Card_Wohl_larv,Gamm_Ente_Yers_pseu,Alph_Acet_Acet_lova
400,Gamm_Ente_Esch_coli,Gamm_Card_Wohl_larv,Gamm_Ente_Yers_pseu,Alph_Acet_Acet_lova
401,Alph_Acet_Acet_past,Gamm_Card_Wohl_larv,Gamm_Ente_Yers_pseu,Alph_Acet_Acet_lova
402,Gamm_Ente_Idio_seos,Gamm_Card_Wohl_larv,Gamm_Ente_Yers_pseu,Alph_Acet_Acet_lova
403,Alph_Holo_Holo_cary,Gamm_Card_Wohl_larv,Gamm_Ente_Yers_pseu,Alph_Acet_Acet_lova
404,Gamm_Ente_Pseu_phen,Gamm_Card_Wohl_larv,Gamm_Ente_Yers_pseu,Alph_Acet_Acet_lova
405,Alph_Rhod_Rhod_mari,Gamm_Ente_Idio_pisc,Gamm_Ente_Pseu_arab,Alph_Holo_Holo_acum
406,Alph_Rhod_Rhod_mari,Gamm_Ente_Idio_pisc,Alph_Acet_Acet_lova,Gamm_Ente_Pseu_arab
407,Alph_Rhod_Rhod_mari,Gamm_Ente_Idio_pisc,Gamm_Ente_Yers_pseu,Gamm_Ente_Pseu_arab
408,Gamm_Card_Wohl_larv,Gamm_Ente_Pseu_arab,Alph_Rhod_Rhod_mari,Gamm_Ente_Idio_pisc
409,Alph_Rhod_Rhod_azot,Gamm_Ente_Pseu_arab,Alph_Rhod_Rhod_mari,Gamm_Ente_Idio_pisc
410,Gamm_Ente_Esch_coli,Gamm_Ente_Pseu_arab,Alph_Rhod_Rhod_mari,Gamm_Ente_Idio_pisc
411,Alph_Acet_Acet_past,Gamm_Ente_Pseu_arab,Alph_Rhod_Rhod_mari,Gamm_Ente_Idio_pisc
412,Gamm_Ente_Idio_seos,Gamm_Ente_Pseu_arab,Alph_Rhod_Rhod_mari,Gamm_Ente_Idio_pisc
413,Alph_Holo_Holo_cary,Gamm_Ente_Pseu_arab,Alph_Rhod_Rhod_mari,Gamm_Ente_Idio_pisc
414,Gamm_Ente_Pseu_phen,Gamm_Ente_Pseu_arab,Alph_Rhod_Rhod_mari,Gamm_Ente_Idio_pisc
415,Alph_Rhod_Rhod_mari,Gamm_Ente_Idio_pisc,Alph_Acet_Acet_lova,Alph_Holo_Holo_acum
416,Alph_Rhod_Rhod_mari,Gamm_Ente_Idio_pisc,Gamm_Ente_Yers_pseu,Alph_Holo_Holo_acum
417,Gamm_Card_Wohl_larv,Alph_Holo_Holo_acum,Alph_Rhod_Rhod_mari,Gamm_Ente_Idio_pisc
418,Alph_Rhod_Rhod_azot,Alph_Holo_Holo_acum,Alph_Rhod_Rhod_mari,Gamm_Ente_Idio_pisc
419,Gamm_Ente_Esch_coli,Alph_Holo_Holo_acum,Alph_Rhod_Rhod_mari,Gamm_Ente_Idio_pisc
420,Alph_Acet_Acet_past,Alph_Holo_Holo_acum,Alph_Rhod_Rhod_mari,Gamm_Ente_Idio_pisc
421,Gamm_Ente_Idio_seos,Alph_Holo_Holo_acum,Alph_Rhod_Rhod_mari,Gamm_Ente_Idio_pisc
422,Alph_Holo_Holo_cary,Alph_Holo_Holo_acum,Alph_Rhod_Rhod_mari,Gamm_Ente_Idio_pisc
423,Gamm_Ente_Pseu_phen,Alph_Holo_Holo_acum,Alph_Rhod_Rhod_mari,Gamm_Ente_Idio_pisc
424,Alph_Rhod_Rhod_mari,Gamm_Ente_Idio_pisc,Gamm_Ente_Yers_pseu,Alph_Acet_Acet_lova
425,Gamm_Card_Wohl_larv,Alph_Acet_Acet_lova,Alph_Rhod_Rhod_mari,Gamm_Ente_Idio_pisc
426,Alph_Rhod_Rhod_azot,Alph_Acet_Acet_lova,Alph_Rhod_Rhod_mari,Gamm_Ente_Idio_pisc
427,Gamm_Ente_Esch_coli,Alph_Acet_Acet_lova,Alph_Rhod_Rhod_mari,Gamm_Ente_Idio_pisc
428,Alph_Acet_Acet_past,Alph_Acet_Acet_lova,Alph_Rhod_Rhod_mari,Gamm_Ente_Idio_pisc
429,Gamm_Ente_Idio_seos,Alph_Acet_Acet_lova,Alph_Rhod_Rhod_mari,Gamm_Ente_Idio_pisc
430,Alph_Holo_Holo_cary,Alph_Acet_Acet_lova,Alph_Rhod_Rhod_mari,Gamm_Ente_Idio_pisc
431,Gamm_Ente_Pseu_phen,Alph_Acet_Acet_lova,Alph_Rhod_Rhod_mari,Gamm_Ente_Idio_pisc
432,Gamm_Card_Wohl_larv,Gamm_Ente_Yers_pseu,Alph_Rhod_Rhod_mari,Gamm_Ente_Idio_pisc
433,Alph_Rhod_Rhod_azot,Gamm_Ente_Yers_pseu,Alph_Rhod_Rhod_mari,Gamm_Ente_Idio_pisc
434,Gamm_Ente_Esch_coli,Gamm_Ente_Yers_pseu,Alph_Rhod_Rhod_mari,Gamm_Ente_Idio_pisc
435,Alph_Acet_Acet_past,Gamm_Ente_Yers_pseu,Alph_Rhod_Rhod_mari,Gamm_Ente_Idio_pisc
436,Gamm_Ente_Idio_seos,Gamm_Ente_Yers_pseu,Alph_Rhod_Rhod_mari,Gamm_Ente_Idio_pisc
437,Alph_Holo_Holo_cary,Gamm_Ente_Yers_pseu,Alph_Rhod_Rhod_mari,Gamm_Ente_Idio_pisc
438,Gamm_Ente_Pseu_phen,Gamm_Ente_Yers_pseu,Alph_Rhod_Rhod_mari,Gamm_Ente_Idio_pisc
439,Gamm_Card_Wohl_larv,Alph_Rhod_Rhod_mari,Gamm_Ente_Pseu_arab,Alph_Holo_Holo_acum
440,Alph_Rhod_Rhod_azot,Alph_Rhod_Rhod_mari,Gamm_Ente_Pseu_arab,Alph_Holo_Holo_acum
441,Gamm_Ente_Esch_coli,Alph_Rhod_Rhod_mari,Gamm_Ente_Pseu_arab,Alph_Holo_Holo_acum
442,Alph_Acet_Acet_past,Alph_Rhod_Rhod_mari,Gamm_Ente_Pseu_arab,Alph_Holo_Holo_acum
443,Gamm_Ente_Idio_seos,Alph_Rhod_Rhod_mari,Gamm_Ente_Pseu_arab,Alph_Holo_Holo_acum
444,Alph_Holo_Holo_cary,Alph_Rhod_Rhod_mari,Gamm_Ente_Pseu_arab,Alph_Holo_Holo_acum
445,Gamm_Ente_Pseu_phen,Alph_Rhod_Rhod_mari,Gamm_Ente_Pseu_arab,Alph_Holo_Holo_acum
446,Gamm_Card_Wohl_larv,Gamm_Ente_Idio_pisc,Gamm_Ente_Pseu_arab,Alph_Holo_Holo_acum
447,Alph_Rhod_Rhod_azot,Gamm_Ente_Idio_pisc,Gamm_Ente_Pseu_arab,Alph_Holo_Holo_acum
448,Gamm_Ente_Esch_coli,Gamm_Ente_Idio_pisc,Gamm_Ente_Pseu_arab,Alph_Holo_Holo_acum
449,Alph_Acet_Acet_past,Gamm_Ente_Idio_pisc,Gamm_Ente_Pseu_arab,Alph_Holo_Holo_acum
450,Gamm_Ente_Idio_seos,Gamm_Ente_Idio_pisc,Gamm_Ente_Pseu_arab,Alph_Holo_Holo_acum
451,Alph_Holo_Holo_cary,Gamm_Ente_Idio_pisc,Gamm_Ente_Pseu_arab,Alph_Holo_Holo_acum
452,Gamm_Ente_Pseu_phen,Gamm_Ente_Idio_pisc,Gamm_Ente_Pseu_arab,Alph_Holo_Holo_acum
453,Gamm_Card_Wohl_larv,Alph_Rhod_Rhod_mari,Alph_Acet_Acet_lova,Gamm_Ente_Pseu_arab
454,Alph_Rhod_Rhod_azot,Alph_Rhod_Rhod_mari,Alph_Acet_Acet_lova,Gamm_Ente_Pseu_arab
455,Gamm_Ente_Esch_coli,Alph_Rhod_Rhod_mari,Alph_Acet_Acet_lova,Gamm_Ente_Pseu_arab
456,Alph_Acet_Acet_past,Alph_Rhod_Rhod_mari,Alph_Acet_Acet_lova,Gamm_Ente_Pseu_arab
457,Gamm_Ente_Idio_seos,Alph_Rhod_Rhod_mari,Alph_Acet_Acet_lova,Gamm_Ente_Pseu_arab
458,Alph_Holo_Holo_cary,Alph_Rhod_Rhod_mari,Alph_Acet_Acet_lova,Gamm_Ente_Pseu_arab
459,Gamm_Ente_Pseu_phen,Alph_Rhod_Rhod_mari,Alph_Acet_Acet_lova,Gamm_Ente_Pseu_arab
460,Gamm_Card_Wohl_larv,Gamm_Ente_Idio_pisc,Alph_Acet_Acet_lova,Gamm_Ente_Pseu_arab
461,Alph_Rhod_Rhod_azot,Gamm_Ente_Idio_pisc,Alph_Acet_Acet_lova,Gamm_Ente_Pseu_arab
462,Gamm_Ente_Esch_coli,Gamm_Ente_Idio_pisc,Alph_Acet_Acet_lova,Gamm_Ente_Pseu_arab
463,Alph_Acet_Acet_past,Gamm_Ente_Idio_pisc,Alph_Acet_Acet_lova,Gamm_Ente_Pseu_arab
464,Gamm_Ente_Idio_seos,Gamm_Ente_Idio_pisc,Alph_Acet_Acet_lova,Gamm_Ente_Pseu_arab
465,Alph_Holo_Holo_cary,Gamm_Ente_Idio_pisc,Alph_Acet_Acet_lova,Gamm_Ente_Pseu_arab
466,Gamm_Ente_Pseu_phen,Gamm_Ente_Idio_pisc,Alph_Acet_Acet_lova,Gamm_Ente_Pseu_arab
467,Gamm_Card_Wohl_larv,Alph_Rhod_Rhod_mari,Gamm_Ente_Yers_pseu,Gamm_Ente_Pseu_arab
468,Alph_Rhod_Rhod_azot,Alph_Rhod_Rhod_mari,Gamm_Ente_Yers_pseu,Gamm_Ente_Pseu_arab
469,Gamm_Ente_Esch_coli,Alph_Rhod_Rhod_mari,Gamm_Ente_Yers_pseu,Gamm_Ente_Pseu_arab
470,Alph_Acet_Acet_past,Alph_Rhod_Rhod_mari,Gamm_Ente_Yers_pseu,Gamm_Ente_Pseu_arab
471,Gamm_Ente_Idio_seos,Alph_Rhod_Rhod_mari,Gamm_Ente_Yers_pseu,Gamm_Ente_Pseu_arab
472,Alph_Holo_Holo_cary,Alph_Rhod_Rhod_mari,Gamm_Ente_Yers_pseu,Gamm_Ente_Pseu_arab
473,Gamm_Ente_Pseu_phen,Alph_Rhod_Rhod_mari,Gamm_Ente_Yers_pseu,Gamm_Ente_Pseu_arab
474,Gamm_Card_Wohl_larv,Gamm_Ente_Idio_pisc,Gamm_Ente_Yers_pseu,Gamm_Ente_Pseu_arab
475,Alph_Rhod_Rhod_azot,Gamm_Ente_Idio_pisc,Gamm_Ente_Yers_pseu,Gamm_Ente_Pseu_arab
476,Gamm_Ente_Esch_coli,Gamm_Ente_Idio_pisc,Gamm_Ente_Yers_pseu,Gamm_Ente_Pseu_arab
477,Alph_Acet_Acet_past,Gamm_Ente_Idio_pisc,Gamm_Ente_Yers_pseu,Gamm_Ente_Pseu_arab
478,Gamm_Ente_Idio_seos,Gamm_Ente_Idio_pisc,Gamm_Ente_Yers_pseu,Gamm_Ente_Pseu_arab
479,Alph_Holo_Holo_cary,Gamm_Ente_Idio_pisc,Gamm_Ente_Yers_pseu,Gamm_Ente_Pseu_arab
480,Gamm_Ente_Pseu_phen,Gamm_Ente_Idio_pisc,Gamm_Ente_Yers_pseu,Gamm_Ente_Pseu_arab
481,Gamm_Card_Wohl_larv,Alph_Rhod_Rhod_mari,Alph_Acet_Acet_lova,Alph_Holo_Holo_acum
482,Alph_Rhod_Rhod_azot,Alph_Rhod_Rhod_mari,Alph_Acet_Acet_lova,Alph_Holo_Holo_acum
483,Gamm_Ente_Esch_coli,Alph_Rhod_Rhod_mari,Alph_Acet_Acet_lova,Alph_Holo_Holo_acum
484,Alph_Acet_Acet_past,Alph_Rhod_Rhod_mari,Alph_Acet_Acet_lova,Alph_Holo_Holo_acum
485,Gamm_Ente_Idio_seos,Alph_Rhod_Rhod_mari,Alph_Acet_Acet_lova,Alph_Holo_Holo_acum
486,Alph_Holo_Holo_cary,Alph_Rhod_Rhod_mari,Alph_Acet_Acet_lova,Alph_Holo_Holo_acum
487,Gamm_Ente_Pseu_phen,Alph_Rhod_Rhod_mari,Alph_Acet_Acet_lova,Alph_Holo_Holo_acum
488,Gamm_Card_Wohl_larv,Gamm_Ente_Idio_pisc,Alph_Acet_Acet_lova,Alph_Holo_Holo_acum
489,Alph_Rhod_Rhod_azot,Gamm_Ente_Idio_pisc,Alph_Acet_Acet_lova,Alph_Holo_Holo_acum
490,Gamm_Ente_Esch_coli,Gamm_Ente_Idio_pisc,Alph_Acet_Acet_lova,Alph_Holo_Holo_acum
491,Alph_Acet_Acet_past,Gamm_Ente_Idio_pisc,Alph_Acet_Acet_lova,Alph_Holo_Holo_acum
492,Gamm_Ente_Idio_seos,Gamm_Ente_Idio_pisc,Alph_Acet_Acet_lova,Alph_Holo_Holo_acum
493,Alph_Holo_Holo_cary,Gamm_Ente_Idio_pisc,Alph_Acet_Acet_lova,Alph_Holo_Holo_acum
494,Gamm_Ente_Pseu_phen,Gamm_Ente_Idio_pisc,Alph_Acet_Acet_lova,Alph_Holo_Holo_acum
495,Gamm_Card_Wohl_larv,Alph_Rhod_Rhod_mari,Gamm_Ente_Yers_pseu,Alph_Holo_Holo_acum
496,Alph_Rhod_Rhod_azot,Alph_Rhod_Rhod_mari,Gamm_Ente_Yers_pseu,Alph_Holo_Holo_acum
497,Gamm_Ente_Esch_coli,Alph_Rhod_Rhod_mari,Gamm_Ente_Yers_pseu,Alph_Holo_Holo_acum
498,Alph_Acet_Acet_past,Alph_Rhod_Rhod_mari,Gamm_Ente_Yers_pseu,Alph_Holo_Holo_acum
499,Gamm_Ente_Idio_seos,Alph_Rhod_Rhod_mari,Gamm_Ente_Yers_pseu,Alph_Holo_Holo_acum
500,Alph_Holo_Holo_cary,Alph_Rhod_Rhod_mari,Gamm_Ente_Yers_pseu,Alph_Holo_Holo_acum
501,Gamm_Ente_Pseu_phen,Alph_Rhod_Rhod_mari,Gamm_Ente_Yers_pseu,Alph_Holo_Holo_acum
502,Gamm_Card_Wohl_larv,Gamm_Ente_Idio_pisc,Gamm_Ente_Yers_pseu,Alph_Holo_Holo_acum
503,Alph_Rhod_Rhod_azot,Gamm_Ente_Idio_pisc,Gamm_Ente_Yers_pseu,Alph_Holo_Holo_acum
504,Gamm_Ente_Esch_coli,Gamm_Ente_Idio_pisc,Gamm_Ente_Yers_pseu,Alph_Holo_Holo_acum
505,Alph_Acet_Acet_past,Gamm_Ente_Idio_pisc,Gamm_Ente_Yers_pseu,Alph_Holo_Holo_acum
506,Gamm_Ente_Idio_seos,Gamm_Ente_Idio_pisc,Gamm_Ente_Yers_pseu,Alph_Holo_Holo_acum
507,Alph_Holo_Holo_cary,Gamm_Ente_Idio_pisc,Gamm_Ente_Yers_pseu,Alph_Holo_Holo_acum
508,Gamm_Ente_Pseu_phen,Gamm_Ente_Idio_pisc,Gamm_Ente_Yers_pseu,Alph_Holo_Holo_acum
509,Gamm_Card_Wohl_larv,Alph_Rhod_Rhod_mari,Gamm_Ente_Yers_pseu,Alph_Acet_Acet_lova
510,Alph_Rhod_Rhod_azot,Alph_Rhod_Rhod_mari,Gamm_Ente_Yers_pseu,Alph_Acet_Acet_lova
511,Gamm_Ente_Esch_coli,Alph_Rhod_Rhod_mari,Gamm_Ente_Yers_pseu,Alph_Acet_Acet_lova
512,Alph_Acet_Acet_past,Alph_Rhod_Rhod_mari,Gamm_Ente_Yers_pseu,Alph_Acet_Acet_lova
513,Gamm_Ente_Idio_seos,Alph_Rhod_Rhod_mari,Gamm_Ente_Yers_pseu,Alph_Acet_Acet_lova
514,Alph_Holo_Holo_cary,Alph_Rhod_Rhod_mari,Gamm_Ente_Yers_pseu,Alph_Acet_Acet_lova
515,Gamm_Ente_Pseu_phen,Alph_Rhod_Rhod_mari,Gamm_Ente_Yers_pseu,Alph_Acet_Acet_lova
516,Gamm_Card_Wohl_larv,Gamm_Ente_Idio_pisc,Gamm_Ente_Yers_pseu,Alph_Acet_Acet_lova
517,Alph_Rhod_Rhod_azot,Gamm_Ente_Idio_pisc,Gamm_Ente_Yers_pseu,Alph_Acet_Acet_lova
518,Gamm_Ente_Esch_coli,Gamm_Ente_Idio_pisc,Gamm_Ente_Yers_pseu,Alph_Acet_Acet_lova
519,Alph_Acet_Acet_past,Gamm_Ente_Idio_pisc,Gamm_Ente_Yers_pseu,Alph_Acet_Acet_lova
520,Gamm_Ente_Idio_seos,Gamm_Ente_Idio_pisc,Gamm_Ente_Yers_pseu,Alph_Acet_Acet_lova
521,Alph_Holo_Holo_cary,Gamm_Ente_Idio_pisc,Gamm_Ente_Yers_pseu,Alph_Acet_Acet_lova
522,Gamm_Ente_Pseu_phen,Gamm_Ente_Idio_pisc,Gamm_Ente_Yers_pseu,Alph_Acet_Acet_lova
523,Alph_Rhod_Rhod_mari,Alph_Acet_Acet_lova,Gamm_Ente_Pseu_arab,Alph_Holo_Holo_acum
524,Alph_Rhod_Rhod_mari,Gamm_Ente_Yers_pseu,Gamm_Ente_Pseu_arab,Alph_Holo_Holo_acum
525,Alph_Acet_Acet_lova,Gamm_Ente_Idio_pisc,Gamm_Ente_Pseu_arab,Alph_Holo_Holo_acum
526,Gamm_Ente_Yers_pseu,Gamm_Ente_Idio_pisc,Gamm_Ente_Pseu_arab,Alph_Holo_Holo_acum
527,Gamm_Ente_Yers_pseu,Alph_Acet_Acet_lova,Gamm_Ente_Pseu_arab,Alph_Holo_Holo_acum
528,Gamm_Card_Wohl_larv,Alph_Acet_Acet_lova,Gamm_Ente_Pseu_arab,Alph_Holo_Holo_acum
529,Alph_Rhod_Rhod_azot,Alph_Acet_Acet_lova,Gamm_Ente_Pseu_arab,Alph_Holo_Holo_acum
530,Gamm_Ente_Esch_coli,Alph_Acet_Acet_lova,Gamm_Ente_Pseu_arab,Alph_Holo_Holo_acum
531,Alph_Acet_Acet_past,Alph_Acet_Acet_lova,Gamm_Ente_Pseu_arab,Alph_Holo_Holo_acum
532,Gamm_Ente_Idio_seos,Alph_Acet_Acet_lova,Gamm_Ente_Pseu_arab,Alph_Holo_Holo_acum
533,Alph_Holo_Holo_cary,Alph_Acet_Acet_lova,Gamm_Ente_Pseu_arab,Alph_Holo_Holo_acum
534,Gamm_Ente_Pseu_phen,Alph_Acet_Acet_lova,Gamm_Ente_Pseu_arab,Alph_Holo_Holo_acum
535,Gamm_Card_Wohl_larv,Gamm_Ente_Yers_pseu,Gamm_Ente_Pseu_arab,Alph_Holo_Holo_acum
536,Alph_Rhod_Rhod_azot,Gamm_Ente_Yers_pseu,Gamm_Ente_Pseu_arab,Alph_Holo_Holo_acum
537,Gamm_Ente_Esch_coli,Gamm_Ente_Yers_pseu,Gamm_Ente_Pseu_arab,Alph_Holo_Holo_acum
538,Alph_Acet_Acet_past,Gamm_Ente_Yers_pseu,Gamm_Ente_Pseu_arab,Alph_Holo_Holo_acum
539,Gamm_Ente_Idio_seos,Gamm_Ente_Yers_pseu,Gamm_Ente_Pseu_arab,Alph_Holo_Holo_acum
540,Alph_Holo_Holo_cary,Gamm_Ente_Yers_pseu,Gamm_Ente_Pseu_arab,Alph_Holo_Holo_acum
541,Gamm_Ente_Pseu_phen,Gamm_Ente_Yers_pseu,Gamm_Ente_Pseu_arab,Alph_Holo_Holo_acum
542,Alph_Rhod_Rhod_mari,Gamm_Ente_Pseu_arab,Gamm_Ente_Yers_pseu,Alph_Acet_Acet_lova
543,Alph_Rhod_Rhod_mari,Alph_Holo_Holo_acum,Gamm_Ente_Yers_pseu,Alph_Acet_Acet_lova
544,Gamm_Ente_Yers_pseu,Alph_Acet_Acet_lova,Gamm_Ente_Pseu_arab,Gamm_Ente_Idio_pisc
545,Gamm_Ente_Yers_pseu,Alph_Acet_Acet_lova,Alph_Holo_Holo_acum,Gamm_Ente_Idio_pisc
546,Gamm_Card_Wohl_larv,Gamm_Ente_Pseu_arab,Gamm_Ente_Yers_pseu,Alph_Acet_Acet_lova
547,Alph_Rhod_Rhod_azot,Gamm_Ente_Pseu_arab,Gamm_Ente_Yers_pseu,Alph_Acet_Acet_lova
548,Gamm_Ente_Esch_coli,Gamm_Ente_Pseu_arab,Gamm_Ente_Yers_pseu,Alph_Acet_Acet_lova
549,Alph_Acet_Acet_past,Gamm_Ente_Pseu_arab,Gamm_Ente_Yers_pseu,Alph_Acet_Acet_lova
550,Gamm_Ente_Idio_seos,Gamm_Ente_Pseu_arab,Gamm_Ente_Yers_pseu,Alph_Acet_Acet_lova
551,Alph_Holo_Holo_cary,Gamm_Ente_Pseu_arab,Gamm_Ente_Yers_pseu,Alph_Acet_Acet_lova
552,Gamm_Ente_Pseu_phen,Gamm_Ente_Pseu_arab,Gamm_Ente_Yers_pseu,Alph_Acet_Acet_lova
553,Gamm_Card_Wohl_larv,Alph_Holo_Holo_acum,Gamm_Ente_Yers_pseu,Alph_Acet_Acet_lova
554,Alph_Rhod_Rhod_azot,Alph_Holo_Holo_acum,Gamm_Ente_Yers_pseu,Alph_Acet_Acet_lova
555,Gamm_Ente_Esch_coli,Alph_Holo_Holo_acum,Gamm_Ente_Yers_pseu,Alph_Acet_Acet_lova
556,Alph_Acet_Acet_past,Alph_Holo_Holo_acum,Gamm_Ente_Yers_pseu,Alph_Acet_Acet_lova
557,Gamm_Ente_Idio_seos,Alph_Holo_Holo_acum,Gamm_Ente_Yers_pseu,Alph_Acet_Acet_lova
558,Alph_Holo_Holo_cary,Alph_Holo_Holo_acum,Gamm_Ente_Yers_pseu,Alph_Acet_Acet_lova
559,Gamm_Ente_Pseu_phen,Alph_Holo_Holo_acum,Gamm_Ente_Yers_pseu,Alph_Acet_Acet_lova
560,Gamm_Ente_Esch_coli,Alph_Rhod_Rhod_azot,Alph_Acet_Acet_past,Alph_Rhod_Rhod_mari
561,Gamm_Ente_Esch_coli,Alph_Rhod_Rhod_azot,Gamm_Ente_Idio_seos,Alph_Rhod_Rhod_mari
562,Gamm_Ente_Esch_coli,Alph_Rhod_Rhod_azot,Alph_Holo_Holo_cary,Alph_Rhod_Rhod_mari
563,Gamm_Ente_Esch_coli,Alph_Rhod_Rhod_azot,Gamm_Ente_Pseu_phen,Alph_Rhod_Rhod_mari
564,Gamm_Ente_Esch_coli,Alph_Rhod_Rhod_azot,Alph_Acet_Acet_past,Gamm_Ente_Idio_pisc
565,Gamm_Ente_Esch_coli,Alph_Rhod_Rhod_azot,Gamm_Ente_Idio_seos,Gamm_Ente_Idio_pisc
566,Gamm_Ente_Esch_coli,Alph_Rhod_Rhod_azot,Alph_Holo_Holo_cary,Gamm_Ente_Idio_pisc
567,Gamm_Ente_Esch_coli,Alph_Rhod_Rhod_azot,Gamm_Ente_Pseu_phen,Gamm_Ente_Idio_pisc
568,Gamm_Ente_Esch_coli,Alph_Rhod_Rhod_azot,Alph_Acet_Acet_past,Gamm_Ente_Pseu_arab
569,Gamm_Ente_Esch_coli,Alph_Rhod_Rhod_azot,Gamm_Ente_Idio_seos,Gamm_Ente_Pseu_arab
570,Gamm_Ente_Esch_coli,Alph_Rhod_Rhod_azot,Alph_Holo_Holo_cary,Gamm_Ente_Pseu_arab
571,Gamm_Ente_Esch_coli,Alph_Rhod_Rhod_azot,Gamm_Ente_Pseu_phen,Gamm_Ente_Pseu_arab
572,Gamm_Ente_Esch_coli,Alph_Rhod_Rhod_azot,Alph_Acet_Acet_past,Alph_Holo_Holo_acum
573,Gamm_Ente_Esch_coli,Alph_Rhod_Rhod_azot,Gamm_Ente_Idio_seos,Alph_Holo_Holo_acum
574,Gamm_Ente_Esch_coli,Alph_Rhod_Rhod_azot,Alph_Holo_Holo_cary,Alph_Holo_Holo_acum
575,Gamm_Ente_Esch_coli,Alph_Rhod_Rhod_azot,Gamm_Ente_Pseu_phen,Alph_Holo_Holo_acum
576,Gamm_Ente_Esch_coli,Alph_Rhod_Rhod_azot,Alph_Acet_Acet_past,Alph_Acet_Acet_lova
577,Gamm_Ente_Esch_coli,Alph_Rhod_Rhod_azot,Gamm_Ente_Idio_seos,Alph_Acet_Acet_lova
578,Gamm_Ente_Esch_coli,Alph_Rhod_Rhod_azot,Alph_Holo_Holo_cary,Alph_Acet_Acet_lova
579,Gamm_Ente_Esch_coli,Alph_Rhod_Rhod_azot,Gamm_Ente_Pseu_phen,Alph_Acet_Acet_lova
580,Gamm_Ente_Esch_coli,Alph_Rhod_Rhod_azot,Alph_Acet_Acet_past,Gamm_Ente_Yers_pseu
581,Gamm_Ente_Esch_coli,Alph_Rhod_Rhod_azot,Gamm_Ente_Idio_seos,Gamm_Ente_Yers_pseu
582,Gamm_Ente_Esch_coli,Alph_Rhod_Rhod_azot,Alph_Holo_Holo_cary,Gamm_Ente_Yers_pseu
583,Gamm_Ente_Esch_coli,Alph_Rhod_Rhod_azot,Gamm_Ente_Pseu_phen,Gamm_Ente_Yers_pseu
584,Gamm_Ente_Esch_coli,Alph_Rhod_Rhod_azot,Alph_Acet_Acet_past,Gamm_Card_Wohl_larv
585,Gamm_Ente_Esch_coli,Alph_Rhod_Rhod_azot,Gamm_Ente_Idio_seos,Gamm_Card_Wohl_larv
586,Gamm_Ente_Esch_coli,Alph_Rhod_Rhod_azot,Alph_Holo_Holo_cary,Gamm_Card_Wohl_larv
587,Gamm_Ente_Esch_coli,Alph_Rhod_Rhod_azot,Gamm_Ente_Pseu_phen,Gamm_Card_Wohl_larv
588,Gamm_Ente_Esch_coli,Alph_Rhod_Rhod_azot,Gamm_Ente_Idio_seos,Alph_Acet_Acet_past
589,Gamm_Ente_Esch_coli,Alph_Rhod_Rhod_azot,Alph_Acet_Acet_past,Alph_Holo_Holo_cary
590,Gamm_Ente_Esch_coli,Alph_Rhod_Rhod_azot,Alph_Acet_Acet_past,Gamm_Ente_Pseu_phen
591,Gamm_Ente_Esch_coli,Alph_Rhod_Rhod_azot,Gamm_Ente_Idio_seos,Alph_Holo_Holo_cary
592,Gamm_Ente_Esch_coli,Alph_Rhod_Rhod_azot,Gamm_Ente_Idio_seos,Gamm_Ente_Pseu_phen
593,Gamm_Ente_Esch_coli,Alph_Rhod_Rhod_azot,Gamm_Ente_Pseu_phen,Alph_Holo_Holo_cary
594,Alph_Rhod_Rhod_azot,Alph_Rhod_Rhod_mari,Gamm_Ente_Idio_seos,Alph_Acet_Acet_past
595,Gamm_Ente_Esch_coli,Alph_Rhod_Rhod_mari,Gamm_Ente_Idio_seos,Alph_Acet_Acet_past
596,Alph_Rhod_Rhod_azot,Gamm_Ente_Idio_pisc,Gamm_Ente_Idio_seos,Alph_Acet_Acet_past
597,Gamm_Ente_Esch_coli,Gamm_Ente_Idio_pisc,Gamm_Ente_Idio_seos,Alph_Acet_Acet_past
598,Alph_Rhod_Rhod_azot,Gamm_Ente_Pseu_arab,Gamm_Ente_Idio_seos,Alph_Acet_Acet_past
599,Gamm_Ente_Esch_coli,Gamm_Ente_Pseu_arab,Gamm_Ente_Idio_seos,Alph_Acet_Acet_past
600,Alph_Rhod_Rhod_azot,Alph_Holo_Holo_acum,Gamm_Ente_Idio_seos,Alph_Acet_Acet_past
601,Gamm_Ente_Esch_coli,Alph_Holo_Holo_acum,Gamm_Ente_Idio_seos,Alph_Acet_Acet_past
602,Alph_Rhod_Rhod_azot,Alph_Acet_Acet_lova,Gamm_Ente_Idio_seos,Alph_Acet_Acet_past
603,Gamm_Ente_Esch_coli,Alph_Acet_Acet_lova,Gamm_Ente_Idio_seos,Alph_Acet_Acet_past
604,Alph_Rhod_Rhod_azot,Gamm_Ente_Yers_pseu,Gamm_Ente_Idio_seos,Alph_Acet_Acet_past
605,Gamm_Ente_Esch_coli,Gamm_Ente_Yers_pseu,Gamm_Ente_Idio_seos,Alph_Acet_Acet_past
606,Alph_Rhod_Rhod_azot,Gamm_Card_Wohl_larv,Gamm_Ente_Idio_seos,Alph_Acet_Acet_past
607,Gamm_Ente_Esch_coli,Gamm_Card_Wohl_larv,Gamm_Ente_Idio_seos,Alph_Acet_Acet_past
608,Alph_Rhod_Rhod_azot,Alph_Rhod_Rhod_mari,Alph_Acet_Acet_past,Alph_Holo_Holo_cary
609,Gamm_Ente_Esch_coli,Alph_Rhod_Rhod_mari,Alph_Acet_Acet_past,Alph_Holo_Holo_cary
610,Alph_Rhod_Rhod_azot,Gamm_Ente_Idio_pisc,Alph_Acet_Acet_past,Alph_Holo_Holo_cary
611,Gamm_Ente_Esch_coli,Gamm_Ente_Idio_pisc,Alph_Acet_Acet_past,Alph_Holo_Holo_cary
612,Alph_Rhod_Rhod_azot,Gamm_Ente_Pseu_arab,Alph_Acet_Acet_past,Alph_Holo_Holo_cary
613,Gamm_Ente_Esch_coli,Gamm_Ente_Pseu_arab,Alph_Acet_Acet_past,Alph_Holo_Holo_cary
614,Alph_Rhod_Rhod_azot,Alph_Holo_Holo_acum,Alph_Acet_Acet_past,Alph_Holo_Holo_cary
615,Gamm_Ente_Esch_coli,Alph_Holo_Holo_acum,Alph_Acet_Acet_past,Alph_Holo_Holo_cary
616,Alph_Rhod_Rhod_azot,Alph_Acet_Acet_lova,Alph_Acet_Acet_past,Alph_Holo_Holo_cary
617,Gamm_Ente_Esch_coli,Alph_Acet_Acet_lova,Alph_Acet_Acet_past,Alph_Holo_Holo_cary
618,Alph_Rhod_Rhod_azot,Gamm_Ente_Yers_pseu,Alph_Acet_Acet_past,Alph_Holo_Holo_cary
619,Gamm_Ente_Esch_coli,Gamm_Ente_Yers_pseu,Alph_Acet_Acet_past,Alph_Holo_Holo_cary
620,Alph_Rhod_Rhod_azot,Gamm_Card_Wohl_larv,Alph_Acet_Acet_past,Alph_Holo_Holo_cary
621,Gamm_Ente_Esch_coli,Gamm_Card_Wohl_larv,Alph_Acet_Acet_past,Alph_Holo_Holo_cary
622,Alph_Rhod_Rhod_azot,Alph_Rhod_Rhod_mari,Alph_Acet_Acet_past,Gamm_Ente_Pseu_phen
623,Gamm_Ente_Esch_coli,Alph_Rhod_Rhod_mari,Alph_Acet_Acet_past,Gamm_Ente_Pseu_phen
624,Alph_Rhod_Rhod_azot,Gamm_Ente_Idio_pisc,Alph_Acet_Acet_past,Gamm_Ente_Pseu_phen
625,Gamm_Ente_Esch_coli,Gamm_Ente_Idio_pisc,Alph_Acet_Acet_past,Gamm_Ente_Pseu_phen
626,Alph_Rhod_Rhod_azot,Gamm_Ente_Pseu_arab,Alph_Acet_Acet_past,Gamm_Ente_Pseu_phen
627,Gamm_Ente_Esch_coli,Gamm_Ente_Pseu_arab,Alph_Acet_Acet_past,Gamm_Ente_Pseu_phen
628,Alph_Rhod_Rhod_azot,Alph_Holo_Holo_acum,Alph_Acet_Acet_past,Gamm_Ente_Pseu_phen
629,Gamm_Ente_Esch_coli,Alph_Holo_Holo_acum,Alph_Acet_Acet_past,Gamm_Ente_Pseu_phen
630,Alph_Rhod_Rhod_azot,Alph_Acet_Acet_lova,Alph_Acet_Acet_past,Gamm_Ente_Pseu_phen
631,Gamm_Ente_Esch_coli,Alph_Acet_Acet_lova,Alph_Acet_Acet_past,Gamm_Ente_Pseu_phen
632,Alph_Rhod_Rhod_azot,Gamm_Ente_Yers_pseu,Alph_Acet_Acet_past,Gamm_Ente_Pseu_phen
633,Gamm_Ente_Esch_coli,Gamm_Ente_Yers_pseu,Alph_Acet_Acet_past,Gamm_Ente_Pseu_phen
634,Alph_Rhod_Rhod_azot,Gamm_Card_Wohl_larv,Alph_Acet_Acet_past,Gamm_Ente_Pseu_phen
635,Gamm_Ente_Esch_coli,Gamm_Card_Wohl_larv,Alph_Acet_Acet_past,Gamm_Ente_Pseu_phen
636,Alph_Rhod_Rhod_azot,Alph_Rhod_Rhod_mari,Gamm_Ente_Idio_seos,Alph_Holo_Holo_cary
637,Gamm_Ente_Esch_coli,Alph_Rhod_Rhod_mari,Gamm_Ente_Idio_seos,Alph_Holo_Holo_cary
638,Alph_Rhod_Rhod_azot,Gamm_Ente_Idio_pisc,Gamm_Ente_Idio_seos,Alph_Holo_Holo_cary
639,Gamm_Ente_Esch_coli,Gamm_Ente_Idio_pisc,Gamm_Ente_Idio_seos,Alph_Holo_Holo_cary
640,Alph_Rhod_Rhod_azot,Gamm_Ente_Pseu_arab,Gamm_Ente_Idio_seos,Alph_Holo_Holo_cary
641,Gamm_Ente_Esch_coli,Gamm_Ente_Pseu_arab,Gamm_Ente_Idio_seos,Alph_Holo_Holo_cary
642,Alph_Rhod_Rhod_azot,Alph_Holo_Holo_acum,Gamm_Ente_Idio_seos,Alph_Holo_Holo_cary
643,Gamm_Ente_Esch_coli,Alph_Holo_Holo_acum,Gamm_Ente_Idio_seos,Alph_Holo_Holo_cary
644,Alph_Rhod_Rhod_azot,Alph_Acet_Acet_lova,Gamm_Ente_Idio_seos,Alph_Holo_Holo_cary
645,Gamm_Ente_Esch_coli,Alph_Acet_Acet_lova,Gamm_Ente_Idio_seos,Alph_Holo_Holo_cary
646,Alph_Rhod_Rhod_azot,Gamm_Ente_Yers_pseu,Gamm_Ente_Idio_seos,Alph_Holo_Holo_cary
647,Gamm_Ente_Esch_coli,Gamm_Ente_Yers_pseu,Gamm_Ente_Idio_seos,Alph_Holo_Holo_cary
648,Alph_Rhod_Rhod_azot,Gamm_Card_Wohl_larv,Gamm_Ente_Idio_seos,Alph_Holo_Holo_cary
649,Gamm_Ente_Esch_coli,Gamm_Card_Wohl_larv,Gamm_Ente_Idio_seos,Alph_Holo_Holo_cary
650,Alph_Rhod_Rhod_azot,Alph_Rhod_Rhod_mari,Gamm_Ente_Idio_seos,Gamm_Ente_Pseu_phen
651,Gamm_Ente_Esch_coli,Alph_Rhod_Rhod_mari,Gamm_Ente_Idio_seos,Gamm_Ente_Pseu_phen
652,Alph_Rhod_Rhod_azot,Gamm_Ente_Idio_pisc,Gamm_Ente_Idio_seos,Gamm_Ente_Pseu_phen
653,Gamm_Ente_Esch_coli,Gamm_Ente_Idio_pisc,Gamm_Ente_Idio_seos,Gamm_Ente_Pseu_phen
654,Alph_Rhod_Rhod_azot,Gamm_Ente_Pseu_arab,Gamm_Ente_Idio_seos,Gamm_Ente_Pseu_phen
655,Gamm_Ente_Esch_coli,Gamm_Ente_Pseu_arab,Gamm_Ente_Idio_seos,Gamm_Ente_Pseu_phen
656,Alph_Rhod_Rhod_azot,Alph_Holo_Holo_acum,Gamm_Ente_Idio_seos,Gamm_Ente_Pseu_phen
657,Gamm_Ente_Esch_coli,Alph_Holo_Holo_acum,Gamm_Ente_Idio_seos,Gamm_Ente_Pseu_phen
658,Alph_Rhod_Rhod_azot,Alph_Acet_Acet_lova,Gamm_Ente_Idio_seos,Gamm_Ente_Pseu_phen
659,Gamm_Ente_Esch_coli,Alph_Acet_Acet_lova,Gamm_Ente_Idio_seos,Gamm_Ente_Pseu_phen
660,Alph_Rhod_Rhod_azot,Gamm_Ente_Yers_pseu,Gamm_Ente_Idio_seos,Gamm_Ente_Pseu_phen
661,Gamm_Ente_Esch_coli,Gamm_Ente_Yers_pseu,Gamm_Ente_Idio_seos,Gamm_Ente_Pseu_phen
662,Alph_Rhod_Rhod_azot,Gamm_Card_Wohl_larv,Gamm_Ente_Idio_seos,Gamm_Ente_Pseu_phen
663,Gamm_Ente_Esch_coli,Gamm_Card_Wohl_larv,Gamm_Ente_Idio_seos,Gamm_Ente_Pseu_phen
664,Alph_Rhod_Rhod_azot,Alph_Rhod_Rhod_mari,Gamm_Ente_Pseu_phen,Alph_Holo_Holo_cary
665,Gamm_Ente_Esch_coli,Alph_Rhod_Rhod_mari,Gamm_Ente_Pseu_phen,Alph_Holo_Holo_cary
666,Alph_Rhod_Rhod_azot,Gamm_Ente_Idio_pisc,Gamm_Ente_Pseu_phen,Alph_Holo_Holo_cary
667,Gamm_Ente_Esch_coli,Gamm_Ente_Idio_pisc,Gamm_Ente_Pseu_phen,Alph_Holo_Holo_cary
668,Alph_Rhod_Rhod_azot,Gamm_Ente_Pseu_arab,Gamm_Ente_Pseu_phen,Alph_Holo_Holo_cary
669,Gamm_Ente_Esch_coli,Gamm_Ente_Pseu_arab,Gamm_Ente_Pseu_phen,Alph_Holo_Holo_cary
670,Alph_Rhod_Rhod_azot,Alph_Holo_Holo_acum,Gamm_Ente_Pseu_phen,Alph_Holo_Holo_cary
671,Gamm_Ente_Esch_coli,Alph_Holo_Holo_acum,Gamm_Ente_Pseu_phen,Alph_Holo_Holo_cary
672,Alph_Rhod_Rhod_azot,Alph_Acet_Acet_lova,Gamm_Ente_Pseu_phen,Alph_Holo_Holo_cary
673,Gamm_Ente_Esch_coli,Alph_Acet_Acet_lova,Gamm_Ente_Pseu_phen,Alph_Holo_Holo_cary
674,Alph_Rhod_Rhod_azot,Gamm_Ente_Yers_pseu,Gamm_Ente_Pseu_phen,Alph_Holo_Holo_cary
675,Gamm_Ente_Esch_coli,Gamm_Ente_Yers_pseu,Gamm_Ente_Pseu_phen,Alph_Holo_Holo_cary
676,Alph_Rhod_Rhod_azot,Gamm_Card_Wohl_larv,Gamm_Ente_Pseu_phen,Alph_Holo_Holo_cary
677,Gamm_Ente_Esch_coli,Gamm_Card_Wohl_larv,Gamm_Ente_Pseu_phen,Alph_Holo_Holo_cary
678,Gamm_Ente_Idio_seos,Alph_Acet_Acet_past,Alph_Holo_Holo_cary,Alph_Rhod_Rhod_mari
679,Gamm_Ente_Idio_seos,Alph_Acet_Acet_past,Gamm_Ente_Pseu_phen,Alph_Rhod_Rhod_mari
680,Gamm_Ente_Idio_seos,Alph_Acet_Acet_past,Alph_Holo_Holo_cary,Gamm_Ente_Idio_pisc
681,Gamm_Ente_Idio_seos,Alph_Acet_Acet_past,Gamm_Ente_Pseu_phen,Gamm_Ente_Idio_pisc
682,Gamm_Ente_Idio_seos,Alph_Acet_Acet_past,Alph_Holo_Holo_cary,Gamm_Ente_Pseu_arab
683,Gamm_Ente_Idio_seos,Alph_Acet_Acet_past,Gamm_Ente_Pseu_phen,Gamm_Ente_Pseu_arab
684,Gamm_Ente_Idio_seos,Alph_Acet_Acet_past,Alph_Holo_Holo_cary,Alph_Holo_Holo_acum
685,Gamm_Ente_Idio_seos,Alph_Acet_Acet_past,Gamm_Ente_Pseu_phen,Alph_Holo_Holo_acum
686,Gamm_Ente_Idio_seos,Alph_Acet_Acet_past,Alph_Holo_Holo_cary,Alph_Acet_Acet_lova
687,Gamm_Ente_Idio_seos,Alph_Acet_Acet_past,Gamm_Ente_Pseu_phen,Alph_Acet_Acet_lova
688,Gamm_Ente_Idio_seos,Alph_Acet_Acet_past,Alph_Holo_Holo_cary,Gamm_Ente_Yers_pseu
689,Gamm_Ente_Idio_seos,Alph_Acet_Acet_past,Gamm_Ente_Pseu_phen,Gamm_Ente_Yers_pseu
690,Gamm_Ente_Idio_seos,Alph_Acet_Acet_past,Alph_Holo_Holo_cary,Gamm_Card_Wohl_larv
691,Gamm_Ente_Idio_seos,Alph_Acet_Acet_past,Gamm_Ente_Pseu_phen,Gamm_Card_Wohl_larv
692,Alph_Rhod_Rhod_azot,Alph_Holo_Holo_cary,Gamm_Ente_Idio_seos,Alph_Acet_Acet_past
693,Alph_Rhod_Rhod_azot,Gamm_Ente_Pseu_phen,Gamm_Ente_Idio_seos,Alph_Acet_Acet_past
694,Gamm_Ente_Esch_coli,Alph_Holo_Holo_cary,Gamm_Ente_Idio_seos,Alph_Acet_Acet_past
695,Gamm_Ente_Esch_coli,Gamm_Ente_Pseu_phen,Gamm_Ente_Idio_seos,Alph_Acet_Acet_past
696,Gamm_Ente_Idio_seos,Alph_Acet_Acet_past,Gamm_Ente_Pseu_phen,Alph_Holo_Holo_cary
697,Alph_Acet_Acet_past,Alph_Rhod_Rhod_mari,Gamm_Ente_Pseu_phen,Alph_Holo_Holo_cary
698,Gamm_Ente_Idio_seos,Alph_Rhod_Rhod_mari,Gamm_Ente_Pseu_phen,Alph_Holo_Holo_cary
699,Alph_Acet_Acet_past,Gamm_Ente_Idio_pisc,Gamm_Ente_Pseu_phen,Alph_Holo_Holo_cary
700,Gamm_Ente_Idio_seos,Gamm_Ente_Idio_pisc,Gamm_Ente_Pseu_phen,Alph_Holo_Holo_cary
701,Alph_Acet_Acet_past,Gamm_Ente_Pseu_arab,Gamm_Ente_Pseu_phen,Alph_Holo_Holo_cary
702,Gamm_Ente_Idio_seos,Gamm_Ente_Pseu_arab,Gamm_Ente_Pseu_phen,Alph_Holo_Holo_cary
703,Alph_Acet_Acet_past,Alph_Holo_Holo_acum,Gamm_Ente_Pseu_phen,Alph_Holo_Holo_cary
704,Gamm_Ente_Idio_seos,Alph_Holo_Holo_acum,Gamm_Ente_Pseu_phen,Alph_Holo_Holo_cary
705,Alph_Acet_Acet_past,Alph_Acet_Acet_lova,Gamm_Ente_Pseu_phen,Alph_Holo_Holo_cary
706,Gamm_Ente_Idio_seos,Alph_Acet_Acet_lova,Gamm_Ente_Pseu_phen,Alph_Holo_Holo_cary
707,Alph_Acet_Acet_past,Gamm_Ente_Yers_pseu,Gamm_Ente_Pseu_phen,Alph_Holo_Holo_cary
708,Gamm_Ente_Idio_seos,Gamm_Ente_Yers_pseu,Gamm_Ente_Pseu_phen,Alph_Holo_Holo_cary
709,Alph_Acet_Acet_past,Gamm_Card_Wohl_larv,Gamm_Ente_Pseu_phen,Alph_Holo_Holo_cary
710,Gamm_Ente_Idio_seos,Gamm_Card_Wohl_larv,Gamm_Ente_Pseu_phen,Alph_Holo_Holo_cary
711,Alph_Rhod_Rhod_azot,Alph_Acet_Acet_past,Gamm_Ente_Pseu_phen,Alph_Holo_Holo_cary
712,Alph_Rhod_Rhod_azot,Gamm_Ente_Idio_seos,Gamm_Ente_Pseu_phen,Alph_Holo_Holo_cary
713,Gamm_Ente_Esch_coli,Alph_Acet_Acet_past,Gamm_Ente_Pseu_phen,Alph_Holo_Holo_cary
714,Gamm_Ente_Esch_coli,Gamm_Ente_Idio_seos,Gamm_Ente_Pseu_phen,Alph_Holo_Holo_cary
